Zachary Herivaux,1,2011-2015, New England Revolution (Not a college)
Radivoje Lekic,1
Shaun Maloney,1,1996-1999, Albion Boys Club (No Wikipedia link)
Ivan Trujillo,1,, Deportivo Cali (Not a college)
Michael Boxall,2,2007-2010, UC Santa Barbara Gauchos (College)
Guillermo Barros Schelotto,4,1985-1991, Gimnasia La Plata (Not a college)
Michael Tetteh,2,2008-2010, UC Santa Barbara Gauchos (College)
Laurent Ciman,1
Marco Donadel,1,1999-2001, Milan (Not a college)
Victor Mansaray,1,2012-2014, Seattle Sounders FC (Not a college)
Tim Ream,2,2006-2009, Saint Louis Billikens (College)
Thomas McManus,1
Evan James,1
Ian Christianson,2,2009-2012, Georgetown Hoyas (College)
Marcelo Carrera,3
Robert Ssejjemba,1,2000-2004, Former Virginia Intermont College (NAIA) (College)
Douglas Sequeira,2,, Saprissa
Jerry Tamashiro,1
Korede Aiyegbusi,3,2008-2009, NC State Wolfpack (College)
Didier Drogba,1,1997-1998, Le Mans (Not a college)
Mamadou Diouf,1
Colin Rolfe,1,2008-2011, Louisville Cardinals (College)
Tony Kuhn,2,1994-1997, Vanderbilt University (College)
Bradley Orr,1,2000-2002, Everton (Not a college)
Antoine Hoppenot,4,2008-2011, Princeton Tigers (College)
Pascal Bedrossian,2,1992-1994, AS Cannes (Not a college)
Carlos Valdes,5
Mohammed Saeid,1,2002-2009, West Bromwich Albion (Not a college)
Samuel Inkoom,1,2000-2007, Windy Professionals Football Academy (No Wikipedia link)
Guillermo Jara,4,1992-1995, University of San Diego (Not a college)
Orlando Ramirez,1
David Habarugira,1,2002-2006, Anderlecht (Not a college)
Denilson de Oliveira,1,, São Paulo (Not a college)
David Nakhid,1,1985-1987, American University (College)
Alain Rochat,3
Marcos Sanchez,1
Jean-Baptiste Pierazzi,2
Danilo da Silva,1,2004, Ginásio Pinhalense-SP (No Wikipedia link)
Hugh Dixon,3
Steve Bernal,2,1996-1999, Creighton Bluejays (College)
Sainey Nyassi,7,2001-2004, Gambia Ports Authority (Not a college)
Ryan Hollingshead,3,2009-2012, UCLA Bruins (College)
Bryce Alderson,3,2010, Portugal FC (Not a college)
Stefano Pinho,1,, Fluminense (Not a college)
Alecko Eskandarian,7,2000-2002, Virginia Cavaliers (College)
Marshall Leonard,6,1998-2001, Virginia (College)
Philip Salyer,3
Omar Jasseh,2,2008, Crystal Palace (Not a college)
David Quesada,1,1990-1991, San Diego State Aztecs (College)
Igor Juliao,1,, Fluminense (Not a college)
Michael Piserchio,1
Juan Manuel Martínez,1,, Vélez Sársfield (Not a college)
Tomasz Frankowski,1
Diego Rodriguez,1
Danny Earls,2,2005-2008, Aston Villa (Not a college)
Jámison Olave,8
Gale Agbossoumonde,2,2007, IMG Soccer Academy (Not a college)
Ali Curtis,3,1997-2000, Duke Blue Devils (College)
Jairo Arrieta,4
Emmanuel Osei,2
Chris Karcz,1
Steve Klein,1
Jean-Michel Boucicaut,1
Joel Kitamirike,1
Chad Marshall,12,2002-2003, Stanford Cardinal (Not a college)
Steven Caldwell,3,000?-1997, 000 (No Wikipedia link)
Shawn Medved,3,1985-1990, Evergreen State Geoducks (College)
Peter Byaruhanga,2,1998-1999, UAB Blazers (College)
Austin Washington,2,2005-2007, Gonzaga Bulldogs (College)
Gonzalo Verón,1,, Sportivo Italiano (Not a college)
Martin Munnelly,1,1988-1991, Columbia Lions (College)
Colin Clark,8
Logan Emory,2,2006-2009, Portland Pilots (College)
Gonzalo Segares,10,2001-2004, VCU Rams (College)
Paulo Dos Santos,1
Jose Valencia,3
Eric Vasquez,2,2001-03, UCF (College)
Thomas Piermayr,1
Eric Lewis,3
Earnie Stewart,2,, UDI'19
Nick Zimmerman,2,2005-2008, James Madison Dukes (College)
Joselito Vaca,4,1994-1998, Tahuichi Academy (No Wikipedia link)
David Roth,1
Antony De Avila,2
Kyle Miller,2
Cole Grossman,4,2007-2010, Duke Blue Devils (College)
Luke Boden,1,2000-2007, Sheffield Wednesday (Not a college)
Ross Paule,9,1994-1996, Creighton (College)
Eduardo Sebrango,1,1984-1991, Sancti Spíritus (Not a college)
Gonzalo Pineda,2
Alfredo Pacheco,1,1996-1999, FAS (Not a college)
Bryan Leyva,3,2000-2010, FC Dallas (Not a college)
Benoit Cheyrou,1,1997-1999, Lille (Not a college)
Sean Bowers,4,1989-1990, Quincy University (College)
Jordan Allen,2,2013, Virginia Cavaliers (College)
Winston Marshall,1
Karl Ouimette,4,2010-2012, Montreal Impact Academy (Not a college)
Cristian Fernandez,1
Steven Smith,1
Collin Martin,3,2012, Wake Forest Demon Deacons (College)
Alexandru Zotinca,7
Jorge Barrera,1
Thabiso Khumalo,3,2003-2004, Coastal Carolina Chanticleers (College)
Matt Horth,1,2007-2010, Gordon Fighting Scots (College)
Chris Armas,12,1990-1993, Adelphi Panthers (College)
Mike Randolph,3,2004-2005, Yavapai Roughriders (College)
Mikael Silvestre,1
Igor Simutenkov,3,1985-1989, SK EShVSM Moscow (Not a college)
Russell Teibert,5,2008, TFC Academy (Not a college)
Ryan Coiner,1,1999-02, University of San Diego (Not a college)
Joshua Gros,4,2000-2003, Rutgers Scarlet Knights (College)
Uchenna Okafor,5
Enzo Martinez,2,2009-2011, North Carolina Tar Heels (College)
Michael Thomas,2
Keon Daniel,4
Idris Ughiovhe,1,2002-2005, Howard Bison (College)
Paul Wright,4
Oscar Murillo,1,2005-2006, Boca Juniors (Not a college)
Brian Gil,1
Walter Cabrera,1,, Cerro Porteño (Not a college)
Corben Bone,5,2007-2009, Wake Forest Demon Deacons (College)
Wolde Harris,8,1994-1995, Clemson University (College)
Andrés Romero,3
Shane Battelle,1,1991-1993, St. Louis University (College)
Erick Torres,3,, Sport Boys (Not a college)
Patrick Mullins,2,2010-2013, Maryland Terrapins (College)
Harrison Afful,1,, Feyenoord Academy (College)
Daryl Powell,2
Paul Young,2
Andy Rose,4,2008-2011, UCLA Bruins (College)
Johnny Alcaraz,1
Orlando Perez,8
Josh Keller,4,1993-1997, UCLA (College)
Chris Henderson,11,1989-1990, UCLA (College)
Alex Grendi,1,2005-2008, Pennsylvania Quakers (College)
Manolo Sanchez,1,2012-2014, Clemson Tigers (College)
Dante Washington,9,1989-1993, Radford (College)
Sinisa Ubiparipovic,6,2004-2006, Akron Zips (College)
Brian Roberts,3
John Maessner,6,1987-1990, Virginia Cavaliers (College)
Igor Kostrov,1
Steve Shak,3,1996-1999, UCLA Bruins (College)
Claudio Suarez,4
Cam Wilder,1
Marcelo Herrera,1,, Gimnasia y Tiro (Not a college)
Pablo Ricchetti,3
Devon McTavish,6,2002-2005, West Virginia Mountaineers (College)
Michael Clark,8
Clint Dempsey,6,2001-2003, Furman Paladins (College)
Zach Loyd,6,2006-2009, North Carolina Tar Heels (College)
Clyde Simms,9,2000-2003, East Carolina Pirates (College)
Caleb Konstanski,1
Calen Carr,8,2001-2005, California Golden Bears (College)
Ronnie O'Brien,7
Robbie Keane,5,1995-1997, Wolverhampton Wanderers (Not a college)
Juan Pablo Garcia,2
Fabio Zuniga,1
Eric Chaisongkram,1
Seth Sinovic,6,2005-2009, Creighton Bluejays (College)
Mika Vayrynen,1
Santino Quaranta,11,2000-2001, IMG Soccer Academy (Not a college)
Jack McBean,5,2009-2011, LA Galaxy (Not a college)
Ramon Nunez,5,2003, SMU Mustangs (College)
Alexandre Morfaw,1,2000-2005, Nantes (Not a college)
Diaz Kambere,1,2003-2005, Trinity Western Spartans (College)
Michael Farfan,4,2009-2010, North Carolina Tar Heels (College)
Neven Markovic,1
Richie Marquez,2,2010-2013, Redlands Bulldogs (College)
 Leonardo,6
Khari Stephenson,8,2000-2003, Williams Ephs (College)
Toni Stahl,1,2006-2009, Connecticut Huskies (College)
Joao Batista,1
Joshua Patterson,1
Kendall Waston,2,, Saprissa
Collins John,1,2002-2004, Twente (Not a college)
Scott Vermillion,4
Osvaldo Alonso,7
Diphetogo Selolwane,4,2001, Saint Louis University (College)
Alex Martinez,1
Dairon Asprilla,1
Atiba Harris,10,2004-2006, St. Peters FC (Not a college)
Dan Calichman,5,1986-1990, Williams Ephmen (College)
Roland Aguilera,2,, Tahuichi Academy (No Wikipedia link)
Ezra Hendrickson,12,1990-93, Drake University (College)
Mikey Lopez,3,2011-2012, North Carolina Tar Heels (College)
Rob Valentino,3,2004-2007, San Francisco Dons (College)
Blake Camp,2,2002-2005, Duke Blue Devils (College)
Richard Mulrooney,12,1995-1998, Creighton Bluejays (College)
Marco Pappa,7,2004-2006, Municipal (Not a college)
Devin Barclay,5
Jeremy Aldrich,3,1995-1998, Butler Bulldogs (College)
Mark Wilson,2
Alejandro Farias,1
Taylor Morgan,1,2010-2012, George Mason Patriots (College)
German Mera,1,, Deportivo Cali (Not a college)
John O'Brien,1
Frederic Piquionne,2,1996-1999, Golden Star (Not a college)
Brek Shea,6,2005-2007, IMG Soccer Academy (Not a college)
Bryan Gaul,2,2008-2011, Bradley Braves (College)
Carlos Marinelli,2,1996-1999, Boca Juniors (Not a college)
Alan Gordon,12
Arnold Cruz,1
Rob Lovejoy,1,2010-2014, North Carolina Tar Heels (College)
Fernando Cardenas,1,, Deportivo Pereira (Not a college)
Edgar Hernandez,1
Chris Gbandi,5,1999-2001, Connecticut Huskies (College)
Nigel Reo-Coker,3,1997-2002, Wimbledon (Not a college)
Andrei Pacheco,1
Mustapha Jarju,1,, Wallidan (Not a college)
Tom McLaughlin,1
Nick LaBrocca,9,2003-2006, Rutgers Scarlet Knights (College)
Ricardo Pierre-Louis,1,2005-2007, Lee Flames (College)
Ryan Edwards,1
Matt McKeon,7,1992-1995, St. Louis Billikens (College)
Kenny Cutler,4,2000-2003, Clemson Tigers (College)
Marc Burch,10,2005, Maryland Terrapins (College)
Onyekachi Apam,1,2005-2006, Nice (Not a college)
Yann Ekra,1,2001-2007, Lyon (Not a college)
Baggio Husidic,5,2006-2008, UIC Flames (College)
Jason Boyce,2,1994-1997, Washington Huskies (College)
Henry Gutierrez,4,1988-1991, NC State Wolfpack (College)
Julian Valentin,2,2004-2007, Wake Forest Demon Deacons (College)
Brad Evans,9,2003-2006, UC Irvine Anteaters (College)
Tyler Rosenlund,1,2004-2006, UC Santa Barbara Gauchos (College)
Wade Barrett,10
Maksim Usanov,1
Matt Knowles,3
Hamisi Amani-Dove,1,1995, Rutgers University (College)
Coy Craft,2,2011-2014, FC Dallas (Not a college)
Roberto Donadoni,2,1981-1982, Atalanta (Not a college)
London Woodberry,3,2009-2012, Maryland Terrapins (College)
Martin Rivero,3,2006-2008, Rosario Central (Not a college)
Jose Luis Morales,1
Florian Lechner,1,1996-2001, VfB Stuttgart (Not a college)
Victor Sikora,1
Ben Sweat,1,2010-2013, South Florida Bulls (College)
Eddie Lewis,7
Antti Sumiala,1
Andres Murriagui,1
Kevin Harmse,4,1995-2000, Metro Ford (No Wikipedia link)
Micheal Azira,2,2010-2011, Mobile Rams (College)
Christopher Carrieri,4
Michael Fucito,6,2004-2008, Harvard Crimson (College)
Jerry Bengtson,4
Felix Brillant,2,2002-2003, Franklin Pierce Ravens (College)
Geovanni Deiberson,1
Johann Smith,2,, Bolton Wanderers (Not a college)
Eric Stevenson,1
Sebastian Lletget,1,2009-2010, West Ham United (Not a college)
Charlie Davies,4,2004-2006, Boston College Eagles (College)
Rodrigo dos Santos,2
Matt Kassel,2,2008-2010, Maryland Terrapins (College)
Lothar Matthaus,1,1971-1979, FC Herzogenaurach (Not a college)
Brock Granger,1,2010-2012, Louisville Cardinals (College)
Anthony Obodai,1
Jim Curtin,9,1997-2000, Villanova Wildcats (College)
Joey Melo,2
Chris Aloisi,3,1999-2003, Syracuse Orange (College)
Anthony Arena,2,2009-2012, Wake Forest Demon Deacons (College)
Ignacio Piatti,2,2000, Club Mitre de General Baldissera (No Wikipedia link)
Giovanni Savarese,5,1990-1993, Long Island University (College)
Richard Farrer,7,1990-1992, University of New Mexico (College)
Jean-Marie Mwanga,6
Roberto Gaucho,1
Matteo Ferrari,3,1996-1997, Internazionale (Not a college)
Rauwshan McKenzie,7,2004-2007, Michigan State Spartans (College)
Mauricio Solis,2
Paul Islas,1,2009-2012, Fresno Pacific Sunbirds (College)
Kellen Gulley,2,2011-2012, Chicago Fire (Not a college)
Ricardo Kaká,1,1994-2000, São Paulo (Not a college)
Cristian Techera,1,, River Plate Montevideo (Not a college)
Facundo Diz,1
Kevin Durr,1,2009-2012, Air Force Falcons (College)
Chris Brown,10
Predrag Radosavljevic,10,, Čukarički Stankom (Not a college)
Hugh MacDonald,1
Lawrence Lozzano,4
Josip Mikulic,1,2003-2004, Dinamo Zagreb (Not a college)
Christoff Lindenmayer,1
Joe Tait,1
Dane Richards,7,2005-2006, Clemson Tigers (College)
Scott Benedetti,2,1985-1989, Portland Pilots (College)
Juan Anangono,2
Ty Harden,8,2003-2006, Washington Huskies (College)
Brendan King,1,2008-2011, Notre Dame Fighting Irish (College)
Joey Martinez,3
Robbie Rogers,8,2005, Maryland Terrapins (College)
Jake Traeger,2
Amir Lowery,3,2001-2004, Wake Forest Demon Deacons (College)
Justin Meram,5,2009-2010, Michigan Wolverines (College)
Andre Hainault,4,, Hudson Hawks
Esmundo Rodriguez,4,1995-1996, New Mexico Lobos (College)
Taylor Peay,2,2010-2013, Washington Huskies (College)
Ross Friedman,1
Mamadou Diallo,4
Stephane Auvray,2,1994-2002, Caen (Not a college)
Alex Pineda Chacon,3
Nic Robson,1
Cesar Zambrano,1,2005-2007, UIC (College)
Krystian Witkowski,1
Romario Williams,1,2012-2014, UCF Knights (College)
Ronnie Ekelund,4
Ihor Dotsenko,1,1994-1997, Wake Forest University (College)
Dave van den Bergh,4,1986-1995, Ajax (Not a college)
Danny Pena,5
Jason Farrell,5,1991-1992, Seattle Pacific University (College)
Alex Woods,1
Eric Ebert,2,2003-2006, University of California
Eddy Viator,1
Brian Plotkin,3,2002-2005, Indiana Hoosiers (College)
Lubos Reiter,1
Mechack Jerome,2
Juan Arbelaez,1,2011-2012, VCU Rams (College)
Roy Miller,6
Randy Merkel,1,1996-1998, Maryland Terrapins (College)
Carlos Johnson,1
Erick da Cruz,1
Paul Rideout,1
Román Torres,1,, Chepo (Not a college)
Roger Levesque,7,1999-2002, Stanford Cardinal (Not a college)
Rafael Robayo,1,2000-2002, Escuela de Fútbol Vida (No Wikipedia link)
Andreas Ivanschitz,1,1998-2000, Rapid Wien (Not a college)
Kiki Willis,1
Eric Avila,8,2005-2007, UC Santa Barbara Gauchos (College)
Diego Sonora,5
Mauro Rosales,5
Lamar Neagle,6,2005-2008, UNLV Rebels (College)
Anthony Peters,1,2007-2008, West Virginia Wesleyan Bobcats (College)
Paul Keegan,5
Brandon Ward,1,1991-1994, Indiana University (College)
Luke Moore,2,000?-2003, 000 (No Wikipedia link)
Lucas Melano,1,, Belgrano (Not a college)
Adam Bedell,2,2010-2013, Detroit Titans (College)
Steven Emory,2,2007-2010, Metro State Roadrunners (College)
Eddie Pope,12,1992-1995, North Carolina Tar Heels (College)
Juan Suarez,1
Andre Moreira,3
Marco Velez,2,1999-2001, Barry Buccaneers (College)
Michael Umana,3
Rafael Ramos,1
Charlie Rugg,3,2009-2012, Boston College Eagles (College)
Mike Reidy,1,2009-2012, Colgate Raiders (College)
Guly do Prado,1
Emmanuel Gomez,2,2004-2007, Samger (Not a college)
Matt Polster,1,2011-2014, SIU Edwardsville Cougars (College)
Nemanja Vukovic,1,2001-2003, Drezga (Not a college)
Camilo Sanvezzo,3
Patrick Carroll,1
Michael Zaher,2
Vincent Nogueira,2
John Harkes,7,1985-1987, Virginia Cavaliers (College)
Steve Trittschuh,6,1983-1986, Southern Illinois University Edwardsville (College)
Jefferson Mena,1
Johnny Torres,5,1994-1998, Creighton University (College)
Tyler Hemming,2,2003-2006, Hartwick Hawks (College)
Alberto Montoya,1,1996, Santa Clara (College)
Omar Bravo,1
Leonel Miranda,1
Aaron Kovar,2,2012-2013, Stanford Cardinal (College)
Ignacio Maganto,1,2011-2014, Iona Gaels (College)
Andreas Maier,1,1990-1994, Rutgers Scarlet Knights (College)
Jarrod Smith,1,2003-2006, West Virginia Mountaineers (College)
Luciano Emilio,4,1996-1997, Rio Branco-SP (Not a college)
Norberto Paparatto,2
Paul Bravo,6,1988-1989, Santa Clara University (College)
Ben Crawley,1,1989-1992, Virginia Cavaliers (College)
Javier Calle,1,-2009, San Fernando de Guayabal la Raya (No Wikipedia link)
Agustin Pelletieri,1
Adrian Rodriguez,3
Diego Fagundez,5,2009-2010, New England Revolution (Not a college)
Chiquinho Conde,1
Bobby Warshaw,3,2007-2010, Stanford Cardinal (Not a college)
Reed Matte,1
Frank Lampard,1,1994-1995, West Ham United (Not a college)
Romain Gall,2,2011-2014, Lorient (Not a college)
Ryan Cordeiro,1,2004-2007, Connecticut Huskies (College)
Luis Garrido,2,, Juticalpa (Not a college)
Gilberto Souza,2
Cornell Glen,5
Matt Kmosko,4,1990-1994, Hartwick College (College)
Jean Harbor,1,1983-1986, Alabama A&M (College)
Jaime Alas,1,2006-2009, River Plate (Not a college)
Robert Earnshaw,3,1997-1998, Cardiff City (Not a college)
Peter Lowry,4,2004-2007, Santa Clara Broncos (College)
Marco Bustos,1,2011-2014, Whitecaps FC Residency (Not a college)
Robbie Findley,7,2003-2006, Oregon State Beavers (College)
Abu Tommy,1
Rodrigo Faria,3,1999, Concordia College (New York) (College)
Jamel Mitchell,1,1993-1996, Sacramento State University (College)
Conor Doyle,3,2010, Creighton Bluejays (College)
Rene Corona,1,2003-2004, Santa Ana Dons (College)
Corey Hertzog,3,2008-2010, Penn State Nittany Lions (College)
Ezequiel Cirigliano,1,, River Plate (Not a college)
Andy Thoma,1,2011-2014, Washington Huskies (College)
Liam Ridgewell,2,2001-2002, Aston Villa (Not a college)
Washington Rodriguez,1
Greg Jordan,2,2008-2011, Creighton Bluejays (College)
Saer Sene,3
Rohan Ricketts,2,2000-2001, Arsenal (Not a college)
Gaston Sauro,1
Bryan Arguez,2,2006, IMG Soccer Academy (Not a college)
Jerrod Laventure,2,2001-2004, Seton Hall Pirates (College)
Andrew Driver,2,, Heart of Midlothian (Not a college)
Walker Zimmerman,3,2011-2012, Furman Paladins (College)
Craig Yacks,1,1994-1997, Yale Bulldogs (College)
Brent Whitfield,1,1999-2003, Fullerton Titans (College)
Mark Santel,6,1987-1990, Saint Louis Billikens (College)
Duilio Davino,1
Julio Santos,3
Stephen Shirley,1
James Holmes,1
Chase Wileman,2,2003-2006, SMU Mustangs (College)
Damian Silvera,2,1992-1995, Virginia (College)
Wade Webber,3,1985-1988, University of Portland (College)
Christopher Ritter,2
Hernan Grana,1
Diego Saric,1
Paulo Renato,1
Collin Samuel,2
Alen Stevanovic,1,2009, Inter Milan (Not a college)
Miguel Comminges,1
Aitor Karanka,1,1991-1992, Athletic Bilbao (Not a college)
Brandon Manzonelli,1,2006-2008, Villarreal (Not a college)
Sergio Campbell,1,2012-2014, Connecticut Huskies (College)
Gonzalo Martinez,1
DeAndre Yedlin,2,2011-2012, Akron Zips (College)
Don Gramenz,1,1990-1993, University of Wisconsin–Milwaukee (College)
John Gilkerson,1,2004-2007, Winthrop Eagles (College)
Jay Ayres,1,2004-2007, Belmont Bruins (College)
Chad Barrett,11,2003-2004, UCLA Bruins (College)
David Villa,1,1999-2000, Sporting Gijón (Not a college)
Daniel Paladini,6,2002-2005, Northridge Matadors (College)
Alberto Naveda,2
Shawn Sloan,1
Gabe Eastman,2,1993-1996, MJC Pirates (College)
Laurent Robert,1
Peguy Luyindula,3
Bjorn Runstrom,1,1996-2000, Hammarby IF (Not a college)
Scott Palguta,4,2001-2004, Cornell Big Red (College)
Vitalis Takawira,4
Michael Emenalo,2
Kerry Zavagnin,11,1992-95, North Carolina (College)
Hristo Stoichkov,4,1976-1982, Maritsa Plovdiv (Not a college)
Duncan Oughton,10,1997-2000, Cal State Fullerton Titans (College)
Michael Gavin,1
Otto Loewy,1,2005-2008, Winthrop Eagles (College)
Hector Castro,1,1921-1924, Athletic Club Lito (No Wikipedia link)
Casey Schmidt,1
Arley Palacios,2
Steven Lenhart,8,2005-2007, Azusa Pacific Cougars (College)
Israel Sesay,2,2006-2008, IMG Soccer Academy (Not a college)
Paulinho McLaren,1
Chris Hegngi,1
Alec Cochran,2
Rodolfo Espinoza,1
Mark Lisi,6,1997-2000, Clemson Tigers (College)
Matias Jara,1,, C.A.I. (Not a college)
Peter Canero,1
Myung-Bo Hong,2,1987-1990, Korea University (College)
Nick Walls,1
Adolfo Bautista,1
Claudio Vaz Leal,1
Nicholas Walker,1
Jason Bent,3,1996, Maryland Terrapins (College)
Jermaine Jones,2,1995-1999, Eintracht Frankfurt (Not a college)
Ante Jazic,8,1996, Dalhousie Tigers (College)
Luis Escalada,1
Obi Monome,1
Tim Regan,6,1999-2002, Bradley (College)
Kirk Urso,1,2008-2011, North Carolina Tar Heels (College)
Cristhian Hernandez,3,2010-2011, Players Development Academy (No Wikipedia link)
Stephen deRoux,3,2002-2004, Prince George's Owls (College)
Ernst Oebster,1
Darwin Cerén,1
Jose Martin,1
A.J. DeLaGarza,7
Michael Banner,5
Thomas Thompson,7
Jeferson Rodrigues,1
Raul Palacios,1,, Colo-Colo (Not a college)
Nana Attakora,7,2004-2006, NTC Ontario (No Wikipedia link)
Dominic Kinnear,5,1985, Hartwick Hawks (College)
Alexi Lalas,7,1988-1991, Rutgers (College)
Rachid El Khalifi,1
Andrew Farrell,3
Andy Metcalf,1
Sean Henderson,3,1990-1993, UCLA Bruins (College)
Lesly Fellinga,1,, Groningen (Not a college)
Damion Lowe,2,2011-2013, Hartford Hawks (College)
Michael Nugent,2
Alan Woods,2
Paul Caligiuri,6,1982-1985, UCLA Bruins (College)
Kianz Froese,2,2012-2014, Whitecaps FC Residency (Not a college)
Hogan Ephraim,1,, West Ham United (Not a college)
Douglas Lascody,1
Kilian Elkinson,1,2005-2007, Upper Canada College (College)
Don Anding,1,2009-2012, Northeastern Huskies (College)
Robert Scarlett,1,1991-1997, Harbourview (Not a college)
Axel Sjöberg,1,2011-2014, Marquette Golden Eagles (College)
Phanuel Kavita,1,2011-2014, Clemson Tigers (College)
Percy Olivares,1
Keith Savage,1,2003-2007, West Florida Argonauts (College)
Gary Glasgow,3
Stephen Herdsman,5
Davide Somma,2,2004, Logroñés (Not a college)
Marco Dos Santos,1
Kraig Chiles,1,2003-2007, San Diego State Aztecs (College)
Marcus Tracy,2,2005-2008, Wake Forest Demon Deacons (College)
James Georgeff,1
Harrison Henao,1,2006-2007, Deportivo Rionegro (Not a college)
Ross Schunk,2,2005-2008, Redlands Bulldogs (College)
Andy Dorman,7,2000-2003, Boston University Terriers (College)
Jeff Agoos,10,1986-1990, University of Virginia (College)
Rolando Escobar,1
Tommy Krizanovic,1,2003-2006, Jacksonville Dolphins (College)
Jose de Abreu Oliveira,1,, Flamengo (Not a college)
Max Wasserman,1
Scott Lorenz,1,2005-2009, Wisconsin Badgers (College)
Florent Sinama-Pongolle,1,1995-2001, Le Havre (Not a college)
Darren Mattocks,4,2010-2011, Akron Zips (College)
Ricardo Phillips,1,, Atletico San Joaquin
Rodrigo Brasesco,1
Daniel Woolard,6,2003-2006, Midwestern State Mustangs (College)
Deybi Flores,1
Diego Gutierrez,13
Pablo Mastroeni,16,1994-1997, North Carolina State Wolfpack (College)
Michael Green,3
Joe Franchino,11,1996-1997, Washington Huskies (College)
Martin Morales,1
Ruben Luna,3,2009-2010, FC Dallas (Not a college)
Erik Palmer-Brown,3,2009-2013, Sporting Kansas City (Not a college)
Lucio Filomeno,2,1988-1994, Nueva Chicago (No Wikipedia link)
Konrad Warzycha,3,2007-2010, Ohio State Buckeyes (College)
Greg Simmonds,1,1995-1998, Howard University (College)
Stephen Keel,9,2001-2004, Wake Forest Demon Deacons (College)
Luke Kreamalmeyer,1,2001-2004, Bradley Braves (College)
Gerardo Laterza,1,1992, SMU Mustangs (College)
Craig Waibel,11,1995-1998, Washington Huskies (College)
Steve Bell,1
Ricardo Alves Pereira,2,2001-2003, PSTC-PR (Not a college)
Gabriel Farfan,4,2008-2010, Club América (Not a college)
Brendan Ruiz,1
Erik Hort,1,, Sparta Prague (Not a college)
Morgan Langley,1
Marcelo Balboa,7,1988-1989, San Diego State Aztecs (College)
Michael Rose,1
Ryan Nelsen,4,1999-2000, Stanford Cardinal (Not a college)
Javier Martina,1,2005-2008, Ajax (Not a college)
Uriah Bentick,1,2009-2012, Liberty Flames (College)
Elie Ikangu,2,2005-2006, Darlington (Not a college)
Stephane Diop,1
Felix Garcia,1
Ibrahim Sekagya,2
Drew Beckie,1,2009-2012, Denver Pioneers (College)
Waylon Francis,2
Yannick Smith,1,2009-2012, Old Dominion Monarchs (College)
Timothy Glowienka,1
Joey Thieman,1,1990-1994, Princeton (College)
Tyler Rudy,1,2011-2014, Georgetown Hoyas (College)
Nick Downing,3,1998-2001, Maryland Terrapins (College)
Oscar Echeverry,2,, Deportivo Cali (Not a college)
Leandre Griffit,2,0000-2002, 0000 (No Wikipedia link)
Tim Weaver,3,1993-1996, San Francisco Dons (College)
Maximiliano  Urruti,3,2005-2011, Newell's Old Boys (Not a college)
Anibal Godoy,1,, Chepo (Not a college)
Matt Watson,4
Hollis Donaldson,1
Kevin Mesa,1
Ambroise Oyongo,2,2008-2010, Moussango FC (No Wikipedia link)
Brian Bates,4
Braeden Cloutier,5,1992-1993, Hamburg SV (Not a college)
Mario Martinez,2
Roberto Linck,1,-, Irvine Valley College (College)
Chris Jahr,1
Sven Holgersson,2
Manuel Agogo,2,1995-1997, Sheffield Wednesday (Not a college)
McKinley Tennyson,1,1997-2000, UCLA (College)
Willis Forko,2,2003-2005, Connecticut Huskies (College)
Dylan Remick,3,2009-2012, Brown Bears (College)
Bakary Soumare,7,2005-2006, Virginia Cavaliers (College)
Joe Germanese,1,2006-2007, Duke University (College)
Tyrone Mears,1
Jeff Zaun,4,1989-1993, Rutgers University (College)
Kevin Anderson,3
Vitor Gomes,6,1998-2005, Rio Ave (Not a college)
Craig Ziadie,4,1997-2000, University of Richmond (College)
Obafemi Martins,3,2001-2002, Internazionale (Not a college)
Ethan White,5,2009-2010, Maryland Terrapins (College)
Martin Vasquez,3,1980-1983, Los Angeles Golden Eagles (College)
Alec Sundly,1,2010-2013, California Golden Bears (College)
James Twellman,1
Daniele Paponi,1,2004-2005, Parma (Not a college)
Chris Mannella,2,2009-2014, TFC Academy (Not a college)
Adam Ruud,1,2004-2005, Charlotte 49ers (College)
Tyler Ruthven,1,2007-2009, South Carolina Gamecocks (College)
Jaime Castrillon,2
Ahmed Kantari,1,, Paris Saint-Germain (Not a college)
Daniele Dichio,3,1991-1993, Queens Park Rangers (Not a college)
Sebastian Fernandez,1
Mike Munoz,3
Stanley Nyazamba,2,2004-2007, Lee Flames (College)
Juan Cruz,1
Alex DeJohn,1,2009-2012, Old Dominion Monarchs (College)
Alexander Lopez,3,1999-2009, Olimpia (Not a college)
Vardan Adzemian,1
Gustavo Cabrera,2
Long Tan,2
Bryan Róchez,1
Jonathan Top,4,2008-2011, FC Dallas (Not a college)
Dylan Tucker-Gangnes,1
David Estrada,5
Jorge Rojas,2
Cesar Romero,1
Mickey Kydes,1,1982-1985, Long Island University (College)
Tim Ward,8
Marlon Hairston,2,2012-2013, Louisville Cardinals (College)
Andrew Wiedeman,5,2007-2009, California Golden Bears (College)
Stephen Howey,1
Jose Rivera,1
Jose Macotelo,1
Taylor Graham,7,1999-2002, Stanford Cardinal (Not a college)
Federico Higuain,4,, River Plate (Not a college)
Ernest Inneh,1,1988-1991, Brooklyn College (College)
Knox Cameron,2,2001-2004, Michigan Wolverines (College)
Rich Asante,1
Nelson Akwari,5,2000-2002, UCLA Bruins (College)
Jordan Stone,3,1999-2001, IMG Soccer Academy (Not a college)
Carlos Bocanegra,6,1997-1999, UCLA Bruins (College)
Jimmy Conrad,13,1996-1997, UCLA Bruins (College)
Ishmael Yartey,1,2007-2009, → Benfica (loan) (Not a college)
Jeff Matteo,2
Will Bates,1,2009-2012, Virginia Cavaliers (College)
Frank Yallop,3,1982-1983, Ipswich Town (Not a college)
Babayele Sodade,2
Arsene Oka,2
Olman Vargas,1
Diego Viera,1
Alexander Yi,4
Peri Marosevic,3,2006-2008, Michigan Wolverines (College)
Torsten Frings,2,1990-1994, Alemannia Aachen II (Not a college)
Janusz Michallik,3
Brennan Tennelle,1
Chris Brauchle,1,1986-1989, Rutgers Scarlet Knights (College)
Mauricio Castro,3
Ashtone Morgan,5,2008-2010, Toronto FC (Not a college)
Chukwudi Chijindu,3,2004-2007, Connecticut Huskies (College)
Patrick Olalere,1,1991-1992, Carson-Newman College (College)
Tristan Bowen,6,2007-2008, LA Galaxy (Not a college)
William Sunsing,2
Walter Martinez,1
Alex Nimo,3,2007, IMG Soccer Academy (Not a college)
Chris Lancos,1,2002-2005, Maryland (College)
Domenic Mediate,4,2001-2004, Maryland Terrapins (College)
Andrew Boyens,6,2004-2006, New Mexico Lobos (College)
Chris Megaloudis,1,2004-2005, Stony Brook University (College)
Andrew Lewis,5
Chris Wingert,12,2000-2003, St. John's Red Storm (College)
Samuel Appiah,1,2006-2009, Boston University Terriers (College)
Joseph Vide,3,2002-05, Virginia (College)
Ryan Cochrane,8
Andrew Jacobson,7,2003-2007, California Golden Bears (College)
Phillip Lund,1
John Rusek,1
Raimo De Vries,1
Stuart Holden,4,2003-2004, Clemson Tigers (College)
Chris Rolfe,9,2001-2004, Dayton Flyers (College)
Richie Williams,8,1988-1991, Virginia Cavaliers (College)
Steve Ralston,15,1991-1995, FIU Golden Panthers (College)
John Valencia,1
Lawrence Olum,4,2003-2006, Missouri Baptist Spartans (College)
Dustin Kirby,2,2003-06, Ohio State (College)
Thiago Martins,3,1999-2000, UC Santa Barbara Gauchos (College)
Fausto Klinger,1,, Seton Hall (College)
Stephen McCarthy,4
Ben Sippola,1
Mark Semioli,6,1986-1989, Stanford (Not a college)
Victor Perez,1
Arash Noamouz,1
Jason Thompson,3
Sean Okoli,2,2011-2013, Wake Forest Demon Deacons (College)
Olmes García,3,, Deportes Quindio (Not a college)
Shay Facey,1,2007-2015, Manchester City (Not a college)
Eduardo Espinoza,1
Jermaine Taylor,5
Blake Brettschneider,2,2007-2010, South Carolina Gamecocks (College)
Michael Barrios,1
Oscar Sorto,3,2011-2012, LA Galaxy (Not a college)
Jordi Quintilla,1
Victor Estupinan,1,2004-2006, LDU Quito (Not a college)
Ryan Solle,1,2003-2006, Wake Forest Demon Deacons (College)
Alvaro Alves Pires,1
Hector Cuadros,1
Pedro Ribeiro,2
Tyson Wahl,10,2002-2005, California Golden Bears (College)
Hunter Freeman,6,2002-2004, Virginia Cavaliers (College)
Kevin Knight,1,1995-1998, James Madison Dukes (College)
Veljko Paunovic,1,1983-1994, Partizan (Not a college)
Gregory Richardson,1
Raul Rodriguez,1
Gerell Elliott,3,1988-1991, Fresno State (College)
Robert Russell,6
Marvin Chavez,6
Tiago Ulisses,1,2001-2008, Corinthians (Not a college)
Nate Jaqua,9,2000-2002, Portland Pilots (College)
Michael Nwiloh,1
Nathan Sturgis,10,2004-2005, Clemson Tigers (College)
Louis Ken-Kwofie,1,, Montclair State (College)
Zack Schilawski,2,2006-2009, Wake Forest Demon Deacons (College)
Andrew Wenger,4,2009-2011, Duke Blue Devils (College)
Jordan Harvey,10,2002-2005, UCLA Bruins (College)
Dasan Robinson,6,2002-2005, Dayton Flyers (College)
Julio Martinez,1
Adam Jahn,3,2009-2012, Stanford Cardinal (Not a college)
Sam Cronin,7,2005-2008, Wake Forest Demon Deacons (College)
Spencer Thompson,1
Demar Phillips,1,, York United
Victor Ulloa,5
Zion Renfrum,1
Leo Krupnik,2,1997-2001, California Golden Bears (College)
Ned Grabavoy,12,2001-2003, Indiana Hoosiers (College)
Christian Dean,2,2011-2013, California Golden Bears (College)
Sam  Adekugbe,3,2011-2013, Whitecaps FC Residency (Not a college)
Adam Sloustcher,1
Sergi Daniv,4,, Karpaty Lviv (Not a college)
Mike Grella,1,2005-2008, Duke Blue Devils (College)
Donny Toia,3,2009-2011, Real Salt Lake (Not a college)
Pat Haggerty,1
Marco Rizi,1
Joe Munoz,1,1994-1997, Cal State Bakersfield Roadrunners (College)
Andreas Gorlitz,1,1996-2000, TSV 1860 München (Not a college)
Yannick Djalo,1,2001-2005, Sporting CP (Not a college)
Michael Butler,1
Jermaine Hue,2,, Port Morant All Star
Galin Ivanov,1
Sergio Herrera,1
Walter Garcia,1,, Argentinos Juniors (Not a college)
Dustin McCarty,1
Ed Puskarich,1,1980-1983, Southern Methodist University (College)
George Josten,1,2004-2007, Gonzaga Bulldogs (College)
Daniel Guzman,1
Erik Hurtado,3,2009-2012, Santa Clara Broncos (College)
Glauber Berti,1
Dominique Badji,1,2011-2014, Boston University Terriers (College)
Austin Da Luz,2
Brian Mullan,14,1997-2000, Creighton Bluejays (College)
Jack Stewart,4
Hunter Jumper,3,2008-2011, Virginia Cavaliers (College)
Abdul Thompson Conteh,3,1991-1992, UDC (College)
Ryan Kinne,1,2007-2010, Monmouth Hawks (College)
Danny O'Rourke,10
Kalif Alhassan,4
Cedrick Mabwati,1,2005-2008, Atlético Madrid (Not a college)
Saul Martinez,1,1995-1996, Melgar (No Wikipedia link)
Adam Mena,1,2008-2012, Notre Dame Fighting Irish (College)
Brad Davis,14
Greg Klazura,2,2007-2011, Notre Dame Fighting Irish (College)
Maurice Edu,4,2004-2006, Maryland Terrapins (College)
Sean St. Ledger,1,2001-2002, Peterborough United (Not a college)
Erasmo Solorzano,1,2003-2006, UC Riverside Highlanders (College)
Rob Johnson,3
DeMetrius White,1
Rafael Teixeira,1
Giancarlo Gonzalez,1,2004-2006, Alajuelense (Not a college)
Jose Moreno,1
Pablo Campos,2,2007-2008, Fresno Pacific Sunbirds (College)
Altimont Butler,2
Kenneth Deuchar,1,, Camelon (Not a college)
Tesho Akindele,2,2010-2013, Colorado School of Mines Orediggers (College)
Matt Hatzke,1
Carl Bussey,2,1998-2001, SMU Mustangs (College)
Avery John,5,1996-1999, American Eagles (College)
Zak Ibsen,6,1990-1992, UCLA Bruins (College)
Kevin Molino,1
Othaniel Yanez,1
Ramon Sanchez,2,1994-1998, San Juan Opico Escuela de Futbol (No Wikipedia link)
Andy O'Brien,3
Diego Chaves,1
Kamani Hill,3,2004-2006, UCLA Bruins (College)
Efrain Burgos,1
Pa Modou Kah,3
Sercan Guvenisik,1,1998, Bayern Munich (Not a college)
Eliseo Quintanilla,4,1998-1999, Municipal Tecleño[1] (No Wikipedia link)
Ian Fuller,1,1998-2001, Clemson Tigers (College)
Paul Dougherty,3
Danny Califf,10,1998-1999, Maryland Terrapins (College)
Eric Kvello,1,1995-1998, Georgetown Hoyas (College)
Jesse Van Saun,2,1994-1997, St. John's Red Storm (College)
Joel Lindpere,4
Jose Correa,3
Sebastian Miranda,2,1996-1998, Unión Española (Not a college)
Joevin Jones,1,2007-2009, W Connection (Not a college)
Tyler Lassiter,1,2007-2010, North Carolina State Wolfpack (College)
Kennedy Igboananike,1,2007, Djurgården (Not a college)
Mohammad Khakpour,2
Brenton Griffiths,2,2011-2012, South Florida Bulls (College)
Alex dos Santos,1,1994-1996, Meitokugijuku High School (No Wikipedia link)
John Wolyniec,12,1995-1998, Fordham Rams (College)
Gerson Mayen,4,2008, Chivas USA (Not a college)
Fanendo Adi,2,, Union Bank
Brian Nielsen,2
Michael Richardson,1
Nick DeLeon,4,2010-2011, Louisville Cardinals (College)
Kirk Wilson,2,1996-1997, Drake Bulldogs (College)
Kory Kindle,1
Jaime Frias,1,2008-2013, Guadalajara (Not a college)
Mauricio Cienfuegos,8
David Myrie,2,2001-2005, Limón (Not a college)
Steve Guppy,1,1989, Southampton (Not a college)
Adam Acosta,1
Jose Abundis,1
Kevan George,4,2008-2011, UCF Knights (College)
Tom Soehn,4,1984-1987, Western Illinois University (College)
John Garvey,1
Jalil Anibaba,5,2010, North Carolina Tar Heels (College)
Isaac Romo,1,, Tapatío (Not a college)
Will John,3,2003-2004, Saint Louis University (College)
Andrew Sousa,1,2008-2010, Providence Friars (College)
Aurélien Collin,5,2007, Mallorca (Not a college)
Tranquillo Barnetta,1,1996-2002, St. Gallen (Not a college)
Ross LaBauex,3,2006-2009, Virginia Cavaliers (College)
Harrison Heath,1,2012-2014, Norwich City (Not a college)
Julius James,5,2004-2007, Connecticut Huskies (College)
Robert Campbell,1
Frankie Hejduk,12,1992-1994, UCLA Bruins (College)
Joe Franco,1
Teemu Tainio,2,1994-1995, TP-47 (Not a college)
Jose Retiz,2,1998-1999, Rancho Santiago (No Wikipedia link)
Kalin Bankov,2
Bernardo Añor,5,2007-2010, South Florida Bulls (College)
Francisco Gomez,8
Aaron Hohlbein,4,2003-2006, Wisconsin Badgers (College)
Stern John,2,1995, Mercer CC (College)
DaMarcus Beasley,7,1998-1999, IMG Academy (Not a college)
Ryan Miller,3
Guy Melamed,1,, Maccabi Haifa (Not a college)
Mamadou Danso,4,2007-2008, SPSU Hornets (College)
Stephane Assengue,1,Espoir foot Academie, Espoir foot Academie (No Wikipedia link)
Joshua Tudela,3
Schillo Tshuma,2,2012-2013, Maryland Terrapins (College)
Ryan Suarez,5
Luis Solignac,1,0000-2008, 0000 (No Wikipedia link)
Hugo Sanchez,1,1972-1975, UNAM (College)
Rob Friend,1,2001-2002, UC Santa Barbara Gauchos (College)
Craig Demmin,1,1990-1993, Belhaven College (College)
Brent Richards,2,2008-2011, Washington Huskies (College)
Leandro de Oliveira,1
Matthew Crawford,4
Andrew Gray,1
Michael Parkhurst,6,2002-2004, Wake Forest Demon Deacons (College)
Peterson Joseph,4
Refik Sabanadzovic,2,, Mladost (Not a college)
Pat Phelan,4
Johan Venegas,1
José Gonçalves,3
Zach Kingsley,3,1998-2001, Washington Huskies (College)
Jeff Cunningham,14,1994-1997, South Florida Bulls (College)
Andrew Duran,2,2007-2011, Creighton Bluejays (College)
Henry Zambrano,3
Aaron Pitchkolan,5,2002-2004, West Virginia Mountaineers (College)
Chris Martinez,5,1989-1992, Clemson Tigers (College)
Richard Marquez,1
John Lozano,1
Mike Sorber,5,1989-1992, Saint Louis University (College)
Claudio Lopez,3
Andrew Gregor,2,1994-1997, Portland Pilots (College)
Andre Nunley,1
Matt Hedges,4,2011, North Carolina Tar Heels (College)
Tyler Turner,1,2013-2014, IMG Soccer Academy (Not a college)
Robert Ukrop,1,1988-1990, 1992
Diego Jimenez,1,2002-2004, Tecos UAG (College)
Marcos Mondaini,1,2002-2004, Boca Juniors  (Not a college)
Chris Houser,3,1994-1997, Southern Connecticut Owls (College)
Timothy Cahill,3
Maynor Figueroa,1,1993-1999, Victoria (Not a college)
Cory Gibbs,6,1998-2001, Brown Bears (College)
George Buete,2
Chris Agorsor,1,2008-2009, Virginia Cavaliers (College)
Nicolás Mezquida,2,2006-2008, Peñarol (Not a college)
Lovel Palmer,6,1995-1998, Essex Valley FC (No Wikipedia link)
Ivan Polic,1
Steve Pittman,2,-1986, Broxburn Athletic (Not a college)
Randi Patterson,1,2003-2006, UNC Greensboro Spartans (College)
Alex Bengard,2,1998-2000, Dominguez Hills Toros (College)
Kevin Coye,1,1994-1997, UCLA Bruins (College)
Alain Sutter,2
Luke Spencer,1
Christian Jimenez,3,2004, South Florida Bulls (College)
Craig Thompson,1
Jamil Roberts,2,2004-2007, Santa Clara Broncos (College)
Salou Ibrahim,1,1996-1998, King Faisal Babes (Not a college)
Edwin Gorter,2,, RVC
Drew Moor,11,2003-2004, Indiana Hoosiers (College)
David Carney,1,1999-2002, Everton (Not a college)
Miguel Aguilar,1
Said Fazlagic,1,, FK Sarajevo (Not a college)
Kyle Hyland,1,2009-2012, IUPUI Jaguars (College)
Jan Eriksson,2,1980-1986, IFK Sundsvall (Not a college)
Steve Birnbaum,2,2009-2013, California Golden Bears (College)
Pat Noonan,10,1999-2002, Indiana Hoosiers (College)
Ade Akinbiyi,1,1991-1993, Norwich City (Not a college)
Esteban Arias,2,2002-2004, Connecticut Huskies (College)
Carl Robinson,5,, Wolverhampton Wanderers (Not a college)
Jonathan Borrajo,1,2006-2007, New York Red Bulls Academy (Not a college)
Tomasz Wygonik,1
Mario Guerrero,5
Michael Stephens,5
Mouloud Akloul,1,1996-2001, Lorient (Not a college)
Ian Bishop,1
Vicente Figueroa,3
Jeremy Barlow,1,2004-2007, Virginia Cavaliers (College)
Chaka Daley,1,1992-1996, Providence College (College)
Fernando Aristeguieta,1,2007-2009, Caracas (Not a college)
Shea Salinas,8,2004-2007, Furman Paladins (College)
Vicente Sanchez,3,1998-1999, Sud América (Not a college)
Jérémy Gagnon-Laparé,2,2011-2014, Montreal Impact (Not a college)
Josh McKay,1,1992-1994, San Francisco Dons (College)
Felix Borja,1
Christopher Leitch,10
Samuel Goncalves,1
Davis Paul,1,2007-2010, California Golden Bears (College)
Michael Kraus,3
Onandi Lowe,1,1993-1996, Harbour View (Not a college)
Christiano Francois,1,2012-2013, Maryland Terrapins (College)
Jose Botello,3,1996, Los Angeles Golden Eagles (College)
Alex Comas,2
Bill Harte,1,1991-1993, Loyola Greyhounds (College)
Ryan Junge,2,2004-2006, Creighton Bluejays (College)
Martin Paterson,1,1998-2005, Stoke City (Not a college)
Seth Trembly,7
Oniel Fisher,1,2013-2014, New Mexico Lobos (College)
Darel Russell,1,, Norwich City (Not a college)
Robert Thompson,1
Clement Simonin,1,2013-2014, NC State Wolfpack (College)
Danny Barber,1,1989-1992, UNLV (College)
Octavio Rivero,1,2008-2011, Defensor Sporting (Not a college)
Collen Warner,6,2006-2009, Portland Pilots (College)
Kalen Ryden,1,2012-2014, Midwestern State Mustangs (College)
Gavin Glinton,5,1998-2001, Bradley Braves (College)
Kevin Reiman,1
Bryan Salazar,2,2009-2013, Houston Dynamo (College)
Nick Van Sicklen,1
John Ball,1
Matheus Silva,1
Chad Prince,1,1997-2000, Virginia Cavaliers (College)
Jamal Sutton,2,2000-2003, Missouri State Bears (College)
Francisco Uribe,1
Erick Scott,1,, Alajuelense (Not a college)
Ed Pinon,1
Justin Moose,3,2002-2005, Wake Forest Demon Deacons (College)
Mike Slivinski,3,1993-1996, Virginia Cavaliers (College)
Kyle Davies,3
Alan Prampin,4,1990-1993, Southern Methodist University (College)
Jose Villarreal,4
Hassoun Camara,4
Nidal Baba,1,1992-1995, Clemson University (College)
Logan Pause,12,2000-2002, North Carolina Tar Heels (College)
Chris Albright,15,1997-1998, Virginia Cavaliers (College)
Sherjill MacDonald,2,2000-2001, Ajax (Not a college)
Corey Ashe,9,2003-2006, North Carolina Tar Heels (College)
Duke Hashimoto,2,† Appearances (goals), 
Kingsley Bryce,1,2011-2014, Saint Louis Billikens (College)
Maxi Viera,1
Damien Perquis,1,, Troyes (Not a college)
Javier Morales,9
Antonio Gilmar,3
Shawn Singh,1
Julian Nash,3,2001-04, Creighton Bluejays (College)
Dionysus Sebwe,1
C.J. Sapong,5,2007-2010, James Madison Dukes (College)
Akira Kaji,1,1995-1997, Takigawa Daini H.S. (No Wikipedia link)
Edgar Mejia,1
Shalrie Joseph,12,2000-2001, St. John's Red Storm (College)
Gilles Grimandi,1,1987-1988, Gap (Not a college)
Chance Myers,8,2006-2007, UCLA Bruins (College)
Marco Delgado,4
Josh Janniere,2,2007-2010, TFC Academy (Not a college)
Steve Zakuani,6,2007-2008, Akron Zips (College)
Ricardo Iribarren,3
Pablo Chinchilla,1,1997-1998, → Rheindorf Altach (loan) (Not a college)
Syamsir Alam,1,2010-2011, Vitesse (Not a college)
Danny Koevermans,3
Mauro Díaz,3,, River Plate (Not a college)
Terry Dunfield,3,1999-2000, Manchester City (Not a college)
Jim Brennan,4,1994-1996, Sora Lazio
Jay Heaps,11,1995-1998, Duke Blue Devils (College)
Andres Mendoza,3
John Bostock,1,1999-2007, Crystal Palace (Not a college)
Kevin Doyle,1,2002, St Patrick's Athletic (Not a college)
Aaron King,1,2002-2005, North Carolina State Wolfpack (College)
Adam Johansson,2,0000-2000, 0000 (No Wikipedia link)
Ryan Latham,2,2001-2004, SMU (College)
Ibrahim Kante,1
Carlos Salcedo,2,2012, Real Salt Lake (Not a college)
Eric Brunner,7,2005-2007, Ohio State Buckeyes (College)
Diego Valeri,3,, Lanús (Not a college)
Sal Caccavale,1,2003-2006, American (College)
Gerson Echeverry,1,1990-1993, Seton Hall Pirates (College)
Nizar Khalfan,1
Cristian da Silva,3,1990-1994, Southern Connecticut State University (College)
Marcos Charras,1
Sasha Gotsmanov,2,2001-2004, Rhode Island (College)
Omar Cummings,8,2005-2006, Cincinnati Bearcats (College)
Yazid Atouba Emane,1
David Vaudreuil,7,1984-1987, Princeton University (College)
Jefferson Gottardi,1,1991-1994, Tahuichi Academy (No Wikipedia link)
Jose Diaz,1
Antonio Martinez,5
Pedro Morales,2
Jonathan Steele,3
Michael Kafari,1
Jimmy Glenn,2,1990-1993, Clemson University (College)
Caleb Folan,1,000?-2001, 000 (No Wikipedia link)
John Jones,3
Juan Sastoque,2,1995, Cal State Northridge (College)
Lance Watson,4,2002-2005, New Mexico Lobos (College)
Steve Purdy,4,2003-2006, California Golden Bears (College)
Chad McCarty,6,1995-1997, Washington Huskies (College)
Tayt Ianni,2,1990-1993, UCLA (College)
Blake Smith,3,2009-2012, New Mexico Lobos (College)
Andrea Pirlo,1,1994-1995, Brescia (Not a college)
Ian Butterworth,1
Kekuta Manneh,3,2011-2012, Lonestar SC (Not a college)
Jamil Walker,5,2000-02, Santa Clara Broncos (College)
John Rooney,1
Stephen Okai,1,2009-2012, Mobile Rams (College)
O'Brian Woodbine,2
Andrzej Juskowiak,1
Luis Schmidt,1
Guolaugur Palsson,1
Alex Bunbury,2
Ramon Ramirez,2
Paul Holocher,1,1988-1991, Santa Clara University (College)
Sal Zizzo,6,2005-2006, UCLA Bruins (College)
Milovan Mirosevic,1,1992-1997, Universidad Católica (Not a college)
Fabio Pereira,1
Warren Creavalle,4,2010-2011, UCF Knights (College)
Andy Iro,4,2004-2007, UC Santa Barbara Gauchos (College)
Jack Jewsbury,13,1999-2002, St. Louis Billikens (College)
Aaron Schoenfeld,4,2008-2011, East Tennessee State Buccaneers (College)
Tom Heinemann,3,2006-2008, Rockhurst Hawks (College)
Kyle Martino,6,1999-2001, Virginia Cavaliers (College)
Matt Marquess,2,2005-2007, Santa Clara Broncos (College)
Pablo Vitti,1,, Rosario Central (Not a college)
Rusty Pierce,8,1997-1999, UNC Greensboro Spartans (College)
Sergio Contreras,1
Anthony Farras,1
Dwayne De Rosario,14,, Malvern Majors
Anthony Ampaipitakwong,2,2007-2010, Akron Zips (College)
Chris Klute,4,2011, Clayton State Lakers (College)
Rey Angel Martinez,1
Korey Veeder,2,2007-2008, IMG Soccer Academy (Not a college)
Laurent Merlin,1,1994-2002, Marseille (Not a college)
Gabriel Torres,3
Anselmo Ribeiro,3,, Connecticut Huskies (College)
Ivan Becerra,1,2004-2005, UC Santa Barbara Gauchos (College)
Jozy Altidore,4,2004-2006, IMG Soccer Academy (Not a college)
Jaime Estupinan,1
Facundo Erpen,4,0000-1999, 0000 (No Wikipedia link)
Jose Tasende,1
Elbekay Bouchiba,1,, Willem II (Not a college)
Guillermo Ramirez,1,1995-1997, Municipal (Not a college)
Mike Lapper,6,1988-1991, UCLA (College)
Darren Huckerby,2
Martin Ponce,1,, Guadalajara (Not a college)
Kristopher Tyrpak,1
Gregg Berhalter,3,1991-1994, North Carolina Tar Heels (College)
Jorge Vazquez,1
David Accam,1,2004-2008, Right to Dream Academy (Not a college)
Brian Ownby,3,2008-2011, Virginia Cavaliers (College)
Peter Vermes,7,1985-1987, Rutgers Scarlet Knights (College)
Nkosinathi Nhleko,2
Fred DeGand,1,1997-2000, Bowling Green Falcons (College)
Juan Ramirez,1
Artur Aghasyan,1,2003-2004, Banants (Not a college)
Cristian Maidana,2,2004-2006, Banfield (Not a college)
Ramon Bailey,1
Waldir Saenz,1,1991, Alianza Lima (Not a college)
Barry Swift,1
Jacek Ziober,1
Ken Hesse,1,1990-1993, Cal State Fullerton (College)
Lewis Neal,4,1998-2000, Stoke City (Not a college)
Michael Holody,3,2005-2008, Michigan Wolverines (College)
Dilly Duka,6,2007-2008, Rutgers Scarlet Knights (College)
Lyle Yorks,1,1988-1991, University of Virginia (College)
Austin Berry,4
Adam Frye,7,1992-1995, UCLA Bruins (College)
Je-Vaughn Watson,5
Felipe Rodriguez,1
Ramiro Corrales,15
Amando Moreno,1,2009-2013, New York Red Bulls (Not a college)
Justin Mapp,14,2000-2001, IMG Soccer Academy (Not a college)
Pablo Brenes,1
George Gelnovatch,1,1983-1986, Virginia Cavaliers (College)
Luis Hernandez,2
Brandon Barklage,7,2007-2008, St. Louis Billikens (College)
Soony Saad,4,2010, Michigan Wolverines (College)
Shaun Francis,6,2006-2009, Lindsey Wilson College (College)
Diego Calderon,1,2003-2005, LDU Quito (Not a college)
Davide Chiumiento,2,2000-2004, Juventus (Not a college)
Bobby Boswell,11,2001-2004, FIU Golden Panthers (College)
Martin Klinger,2
Caleb Porter,1,1994-1997, Indiana Hoosiers (College)
Chuck Codd,1,1985-1989, North Carolina State (College)
Keith Beach,1,1995-1998, Maryland Terrapins (College)
Tal Ben Haim,1,1998-2001, Maccabi Tel Aviv (Not a college)
Mark Bloom,3,2006-2009, Berry Vikings (College)
Jorge Rodas,1
Todd Miller,2,1992-1995, Westminster College (College)
Oscar Velazquez,1
RJ Allen,1
Cuauhtemoc Blanco,3
Felipe Martins,4
Alex Blake,1
James Rogers,1
Didier Domi,1,1994-1996, Paris Saint-Germain (Not a college)
Jacob Hustedt,2
Desmond Brooks,1
Tony Tchani,6,2008-2009, Virginia Cavaliers (College)
Gienir Garcia,1,2007-2008, Cruz Azul (Not a college)
Kyle Venter,1,2009-2013, New Mexico Lobos (College)
Dejair Ferreira,1
Justen Glad,2,2012-2014, Real Salt Lake AZ (Not a college)
Jeff Curtin,3,1996-1999, Philadelphia Soccer Club Coppa[1] (No Wikipedia link)
Birahim Diop,4
Miguel Guante,1,2002-2005, Portland Pilots (College)
Brian Taylor,2
Miguel Saavedra,2
Alvaro Rey,2,, AD Nervión
Istvan Urbanyi,1,, Mátranováki Vasas
Dax McCarty,10,2004-2005, North Carolina Tar Heels (College)
Pete Marino,6,, Brevard Community College (College)
Aaron Godbolt,1
Silvio Rudman,1
Blair Gavin,4,2007-2009, Akron Zips (College)
Luke Vercollone,2,2000-2003, Seton Hall Pirates (College)
Nicola Caricola,1,1981, Bari (Not a college)
David Moxom,1,1991-1994, Robert Morris University (College)
 Michel,3
Matt Groenwald,2,2001-2005, St. John's Red Storm (College)
Derek Backman,2,1983-1987, College of Boca Raton (College)
Tyler Newnam,1
Dario Brose,3,1988-1991, North Carolina State University (College)
Jean-Martial Kipre,1,1995-2004, Paris St. Germain (Not a college)
Jose Cancela,5
Jed Zayner,7,2003-2005, Indiana Hoosiers (College)
Ansil Elcock,5
Adam Clement,1
 Estrela,1
Giovani dos Santos,1,2002-2006, Barcelona (Not a college)
Stephen King,5
Porfirio Lopez,1,2004-2006, Santos de Guápiles (Not a college)
Carlos Ledesma,1
Maxwell Griffin,1,2006-2009, UCLA Bruins (College)
Roy Lassiter,7,1990-1992, NC State Wolfpack (College)
Josue Soto,3,2009-2010, SMU Mustangs (College)
Shaun Bartlett,2,, Vasco Da Gama (Not a college)
Edgar Trujillo,3
Kevin Friedland,1,2000-2002, SMU Mustangs (College)
Peguero Jean Philippe,4
Robert Warzycha,7
Mario Torres,2
Brian Johnson,5
.  Innocent,1
Kyle Beckerman,16,1999, IMG Soccer Academy (Not a college)
Fabrice Noel,2
Jerson Monteiro,1,2003-2006, UAB Blazers (College)
Alberto Delgado,1
Matt Fundenberger,1
Oscar Draguicevich,3,, University of North Texas (College)
Jimmy Medranda ,3,2006-2012, Deportivo Pereira (Not a college)
Sebastian Botero,1
Nick Garcia,11,1998-1999, Indiana Hoosiers (College)
Landon Donovan,14,1999, IMG Academy (Not a college)
Gabriel Badilla,2,, Saprissa (Not a college)
Dicoy Williams,2,2007-2008, Harbour View (Not a college)
Joshua Elbaum,1
Sebastian Saucedo,1,2011-2014, Real Salt Lake AZ (Not a college)
Darlington Nagbe,5,2008-2010, Akron Zips (College)
Nelson Rivas,3
Eric Dade,5,1987-1991, VCU Rams (College)
Jacob Peterson,10,2003-2005, Indiana Hoosiers (College)
Adam Eyre,1
Mikel Arce,1,, Real Sociedad (Not a college)
Geoffrey Castillion,1,2005-2010, Ajax (Not a college)
Mario Rodriguez,1
Marcos Paullo Barcelos,1
Eric Alexander,6
Tyler Polak,2,2010-2011, Creighton Bluejays (College)
Jordan Graye,2,2005-2009, North Carolina Tar Heels (College)
Jovan Kirovski,8,1992, Manchester United (Not a college)
Neathan Gibson,1,1991-1994, Lynn Fighting Knights (College)
Edmundo Zura,1,2001, Imbabura SC (Not a college)
Paul Schneider,1
Tommy Meyer,4,2008-2011, Indiana Hoosiers (College)
Gorka Larrea,1,1999-2002, Real Sociedad (Not a college)
Caleb Calvert,3,2011-2013, Chivas USA (Not a college)
Carlos Rocha,2
Terakazu Tanaka,1
Ike Opara,6,2007-2009, Wake Forest Demon Deacons (College)
Adam Smarte,1,2003-2007, UC Santa Cruz Banana Slugs (College)
Tyrone Marshall,15,1996-1997, FIU Golden Panthers (College)
Ben Speas,4,2011, North Carolina Tar Heels (College)
Leonardo Squadrone,1
Jalen Robinson,2,2012-2013, Wake Forest Demon Deacons (College)
Ray Goodlett,3,1994-1997, Howard Bison (College)
Jason Yeisley,1,2005-2009, Penn State Nittany Lions (College)
 Fábinho,3
Peter Vagenas,13,1996-1999, UCLA Bruins (College)
Dominic Schell,1,1996-1999, University of Mobile (College)
Stephen Danbusky,1,1995-1998, Williams Ephs (College)
Wes Hart,6,1998-1999, University of Washington (College)
Samuel Ekeme,1
Aaron Long,1
Luiz Camargo,3
Mitchell Cardenas,1
Alex Zendejas,1,2012-2014, FC Dallas (Not a college)
Chase Hilgenbrinck,1,2000-2003, Clemson (College)
Marcelo Saragosa,9,0000-2003, 0000 (No Wikipedia link)
Lance Rozeboom,1,2008-2011, New Mexico Lobos (College)
Ubusuku Abukusumo,4,1995-1996, NC State Wolfpack (College)
Johnny Leveron,2,2007-2009, Promesas (No Wikipedia link)
Gyasi Zardes,3,2009-2012, Cal State Bakersfield Roadrunners (College)
David Beckham,6,1991-1993, Manchester United (Not a college)
Leo Stolz,1,2012-2014, UCLA Bruins (College)
Michael Burke,1
Billy Walsh,5
Winston Griffiths,1
Ryan Raybould,3,2001-04, Yale (College)
Luis Gallardo,1,, Pérez Zeledón (Not a college)
Ryan Tinsley,4,1992-1993, Fresno State Bulldogs (College)
Greg Dalby,2,2003-2006, Notre Dame Fighting Irish (College)
Jamar Beasley,5
Jean-Marc Alexandre,4,2005-2008, Lynn Fighting Knights (College)
Ruben Hernandez,1
Nico Colaluca,4,2004-2006, Virginia Cavaliers (College)
Guy-Roland Kpene,2,2004-2006, Dowling Golden Lions (College)
Leonard Bisaku,1
Jeanderson Pereira,1
Conor Chinn,1,2006-2009, San Francisco Dons (College)
Anthony Hamilton,2
Christian Wilhelmsson,1,1988-1997, Mjällby (Not a college)
Doneil Henry,5,2008-2010, TFC Academy (Not a college)
Steven Beitashour,6,2005-2009, San Diego State Aztecs (College)
Ryan Guy,3,2003-2006, San Diego Toreros (College)
Dustin Sheppard,1,, Rutgers Scarlet Knights (College)
Scott Uderitz,3,1989-1992, UNLV (College)
Patrick McGinnis,1
Jordan Smith,1
Emery Welshman,1,2011-2012, Oregon State Beavers (College)
Brian Span,1,2010-2011, Virginia Cavaliers (College)
Christian Duke,2,2009-2012, San Diego Toreros (College)
Pablo Pintos,1
Steven Kinney,5,2006-2009, Elon Phoenix (College)
Emilio Orozco,1,2010-2012, Tigres (Not a college)
Joe-Max Moore,6,1989-1992, UCLA (College)
Rivers Guthrie,2,1991-1994, Clemson Tigers (College)
Ben Parry,1,1994-1997, Charlotte 49ers (College)
Kris Boyd,1,1999-2001, Kilmarnock (Not a college)
Alvas Powell,3
Goran Hunjak,2
Ben Iroha,2
Brian Grazier,1
Brian Haynes,5
Anders Limpar,2
Estuardo Sanchez,1
Patrick Nyarko,8,2005-2007, Virginia Tech Hokies (College)
Javier Robles,1
Macoumba Kandji,5,2004-2005, Georgia Military Bulldogs (College)
Theophilus Khumalo,2,1986, Kaizer Chiefs (Not a college)
Wes Knight,1,2004-2008, College of Charleston Cougars (College)
Emiliano Bonfigli,1,2007-2009, Rácing Club (Not a college)
Collin Fernandez,1,2011-2015, Chicago Fire (Not a college)
Scott Caldwell,3,2009-2012, Akron Zips (College)
Cesar Alvarado,1,, Citrus College (Not a college)
Steven Curfman,1,2003-2006, Wake Forest Demon Deacons (College)
Sandy Gbandi,1,2002-2006, UAB Blazers (College)
Lyle Martin,1,2004-2006, Bakersfield Roadrunners (College)
David Ferreira,5,1997-1998, Expreso Rojo (Not a college)
Jeff Rigby,1
Adam Cristman,6,2003-2006, Virginia Cavaliers (College)
Mike Petke,13,1994-1997, Southern Connecticut State Owls (College)
O'Brian White,4,2005-2008, Connecticut Huskies (College)
Scott Bower,4,1998, Clemson Tigers (College)
Chris Loftus,1,2003-2006, Duke (College)
Taylor Twellman,9,1998-1999, Maryland Terrapins (College)
Yohance Marshall,2,2005-2008, South Florida Bulls (College)
Jared Montz,2,2001-2004, Lynn Fighting Knights (College)
Ian Hennessey,1
Tony Frias,3
Chris Tierney,8,2004-2007, Virginia Cavaliers (College)
Ricci Greenwood,1,1993-1995, Seattle Pacific University (College)
Bojan Stepanovic,1,1997-2001, Radnički Jugopetrol (Not a college)
Mario Longo,2
Eddie Gaven,11,2001-2003, IMG Soccer Academy (Not a college)
Clarence Goodson,7,2000-2003, Maryland Terrapins (College)
Raul Diaz Arce,6
Ethan Finlay,4,2008-2011, Creighton Bluejays (College)
John DeBrito,6,1987-1990, Southern Connecticut (College)
Mohammed Sethi,1
Edson Edward,2,2006-2009, Graceland Yellowjackets (College)
Rick Titus,2
Mix Diskerud,1,2005-2008, Stabæk (Not a college)
Issey Nakajima-Farran,1,2000-2002, Tokyo Verdy (Not a college)
Jordan Cila,3,2000-2003, Duke (College)
Geoff Cameron,5,2006-2007, Rhode Island Rams (College)
Benjamin Lopez,2
Gordon Kljestan,1,2004-2006, Seton Hall Pirates (College)
Rafael Baca,3,2007-2010, Loyola Marymount Lions (College)
Marvin Iraheta,2,2010-2011, New York Cosmos U-23 (Not a college)
Christian Gomez,6
Leighton O'Brien,3,1994-1998, University of San Diego (Not a college)
Oumar Ballo,1
Jordan LeBlanc,1
Giuseppe Galderisi,2,, Salernitana (Not a college)
Jorge Salcedo,5,1990-1993, UCLA (College)
Mike Burns,7
Cameron Brown,1
Hamdi Salihi,1,2000-2002, Vllaznia Shkodër (Not a college)
Blaise Nkufo,2
Dominic Oduro,10,2004-2005, VCU Rams (College)
Scott Powers,1
Ryan Pore,5,2002-2004, Tulsa Golden Hurricane (College)
Alec Purdie,1,2007-2011, Indiana Hoosiers (College)
Temoc Suarez,3,1993-1996, North Carolina Tar Heels (College)
Justin Moore,1
Tim Lawson,2
Anthony Manning,1,2011-2014, Saint Louis Billikens (College)
Rhett Harty,3,1988-1993, Stanford (Not a college)
Conor Shanosky,5,2009-2010, D.C. United (Not a college)
Mark Sherrod,2,2009-2013, Memphis Tigers (College)
Victor Pineda,5
Gershon Koffie,5,2000-2006, Rot-Weiss Accra (No Wikipedia link)
Aaron Lopez,1
Andy Riemer,1
Scott Gordon,1
Dan Stratford,1,2004-2007, West Virginia University (College)
Patrick Doody,1,2011-2014, Indiana Hoosiers (College)
Tommy Reasoner,1,1985-1986, 1988–1989
Ricardo Clark,11,2001-2002, Furman Paladins (College)
Nicholas Addlery,1,1999-2002, California Vulcans (College)
Perek Belleh,1
Josh Suggs,1,2007-2010, Humboldt State Jacks (College)
Gabriel Cichero,1,2001-2002, Montevideo Wanderers (Not a college)
Matias Mantilla,2
Miguel Ferrer,1
Johanes Maliza,1,1999-2002, Stanford Cardinal (Not a college)
Jason Hernandez,11,2001-2004, Seton Hall Pirates (College)
Petter Villegas,5,1995, Kean Cougars (College)
Eduardo Coudet,1
Ted Chronopoulos,7,1993, San Diego State (College)
Sebastian Grazzini,2,2001-2003, Central Córdoba (Not a college)
Nicholas Lindsay,3,2009-2010, TFC Academy (Not a college)
Conor Casey,9,1999-2000, Portland Pilots (College)
Lee Morrison,1
Michael Chabala,8
David Mateos,1,2001-2002, → Santa Ana (loan) (Not a college)
Kenny Cooper,9,2003-2004, Manchester United (Not a college)
Zach Steinberger,1,2011-2014, Butler Bulldogs (College)
Chris Corcoran,1
Richie Baker,1
Federico Bessone,1,2001-2002, Barcelona (Not a college)
Edson Buddle,14,1999, State Fair Roadrunners (College)
Alan Koger,1,2006-2010, William & Mary Tribe (College)
Pablo Alvarez,1
Manuel Aparicio,3
Carlos Parra,4,, SC Baltimore Stars
Kevin Ara,1,2000-2003, Harvard University (College)
Kwame Watson-Siriboe,6,2006-2009, Connecticut Huskies (College)
Daniel Keat,2,2006-2010, Dartmouth Big Green (College)
Alejandro Moreno,11,1998-2001, UNC Greensboro Spartans (College)
Dane Murphy,1,2004-2007, Virginia Cavaliers (College)
Alen Kozic,2,1995-1997, Florida International University (College)
Abdus Ibrahim,4,2006-2007, IMG Soccer Academy (Not a college)
Mike Caso,1,2003-2006, San Diego Toreros (Not a college)
Yordany Alvarez,3
Luis Tejada,1
Antonio Dovale,1
Milos Stojcev,1,1997-2005, Red Star Belgrade (Not a college)
Ashani Fairclough,1,2009-2012, South Florida Bulls (College)
Omar Gonzalez,7,2006-2008, Maryland Terrapins (College)
Daniel Wasson,2,2004-2005, Tulsa Golden Hurricane (College)
Kwadwo Poku,1,-2000, Asante Kotoko (Not a college)
Mychel Jones,1
Kenney Walker,4,2007-2011, Louisville Cardinals (College)
Andrew Peterson,2
Nelson Pizarro,2,2004-2007, Lincoln Memorial Railsplitters (College)
Sebastian Hines,1,, Middlesbrough (Not a college)
Ciaran O'Brien,3,2007, UC Santa Barbara Gauchos (College)
Jorge Perlaza,2
Omar Salgado,4,2008-2010, Guadalajara (Not a college)
Kalifa Cisse,1,2003-2004, Toulouse (Not a college)
Amadou Dia,1,2011-2014, Clemson Tigers (College)
Aaron Chandler,1,2003-06, San Francisco (College)
Daniel Antunez,1,2006-2007, University of Hartford (College)
Ian Hogg,1
Matthew Taylor,4
Mauro Manotas,1,2013-2014, Uniautónoma (Not a college)
Cesar Pizarro,2,2008-2011, UC Riverside Highlanders (College)
Adrian Cann,4,2000-2003, Louisville Cardinals (College)
Omid Namazi,1,1984-1987, West Virginia Mountaineers (College)
Jordan Russolillo,2,2002-2005, Southern Conn. State (College)
Roy Wegerle,3,1982-1983, South Florida Bulls (College)
Mawete N'Silu,1
Marquis White,2,1986-1990, University of San Francisco (College)
Erik Ustruck,3,2003-2006, Santa Clara Broncos (College)
Alvaro Sanchez,1,2003-2007, Grecia (No Wikipedia link)
J.T. Noone,1,2006-2009, Temple Owls (College)
Jossimar Sanchez,2,2009-2012, Connecticut Huskies (College)
Jafet Soto,1
Scott Pearson,1
Dennis Ludwig,1
Tony Cascio,4,2008-2011, Connecticut Huskies (College)
Carlos Puppo,2
Josh Wolff,14,1995-1997, South Carolina Gamecocks (College)
Gabriel Gomez,1
Jaime Moreno,15,, Tahuichi Academy (No Wikipedia link)
Tab Ramos,7,1984-1987, NC State Wolfpack (College)
Nic Ryan,1
Jared Jeffrey,3,2008-2010, Club Brugge (Not a college)
Byron Alvarez,1
Harut Karapetyan,5
Jim Rooney,5
Danny Wynn,1,2002-05, Saint Louis (College)
Conor Donovan,1
Fernando Ortiz-Solis,1
Khiry Shelton,1,2011-2014, Oregon State Beavers (College)
Welton Melo,5
Matthew Wiet,1,2010-2012, UCLA Bruins (College)
Jamie Watson,4
Damani Ralph,2,2001-2003, University of Connecticut (College)
Peter Lak,1,1993-1994, Cal State Fullerton Titans (College)
Christian Sivebaek,1,2004-2008, FC Midtjylland (Not a college)
Peter Luccin,2,, Cannes (Not a college)
Julio Morales,1
Jose Kleberson,1
Jimmy Nealis,1,2009-2012, Georgetown Hoyas (College)
Mike Duhaney,5,1992-1994, UNLV Rebels (College)
Freddy Garcia,2
Zarek Valentin,3,2009-2010, Akron Zips (College)
Francisco Marcelo Vega,1
Andre Lewis,2
Sam George,4
Leonard Griffin,6,2000-2003, UCLA Bruins (College)
Brian Brown,1
Greg Lalas,2,1991-1994, Brown Bears (College)
Jerzy Podbrozny,2
Marco Etcheverry,8,1984-1986, Tahuichi Academy (No Wikipedia link)
Clint Mathis,12,1994-1997, South Carolina Gamecocks (College)
Denis Hamlett,1,1989-1991, George Mason Patriots (College)
Adam Nemec,1,, Žiar nad Hronom (Not a college)
Adailton dos Santos,1
Floyd Franks,3,2002-2005, Charlotte 49ers (College)
Matthew Mbuta,2
Marco Di Vaio,3,1991-1994, Lazio (Not a college)
Andrew Jean-Baptiste,4,2010-2011, Connecticut Huskies (College)
Sumed Ibrahim,1,1999-2004, Maryland Terrapins (College)
Jason Kreis,12,1991-1994, Duke Blue Devils (College)
Cordt Weinstein,1,1989-1993, So. Connecticut State Owls (College)
Josh Gardner,7
Chris Pontius,7
Fernando Bonjour,1
Santiago Gonzalez,2
John Wilmar Perez,3
John Spencer,4
Scott Jones,1
Victor Munoz,1,, Zaragoza (Not a college)
Joey Gjertsen,3,2003-2004, Evergreen State Geoducks (College)
Barry Robson,1,1995-1997, Rangers (Not a college)
Mark Baena,1,1989-1990, Cal State-Sacramento (College)
Matt Besler,7,2005-2008, Notre Dame Fighting Irish (College)
Arevalo Rios,1
John Diffley,2,1985-1988, American University (College)
Kyle Patterson,1,2005-2008, Saint Louis Billikens (College)
Kelyn Rowe,4,2010-2011, UCLA Bruins (College)
Michael Lookingland,1
Patrick Ianni,9,2003-2005, UCLA Bruins (College)
Seth George,2,1995-1998, UCLA Bruins (College)
Kohei Yamada,1
Ian Joy,2,1996-2000, Tranmere Rovers (Not a college)
Ted Gillen,1,1986-1989, Penn State (College)
Sean Davis,1
Isaias Bardales,2,1999-2000, San Jose State Spartans (College)
Danchrisandre Delgado,1
Anthony Wallace,8
Ted Eck,6,1984-1987, Western Illinois University (College)
Jose Alegria,3
Peter McGlynn,1
Bruno Menezes,2,2002, Mogi Mirim (Not a college)
Stan Lembryk,1,, Loyola Greyhounds (College)
Rafael  Garcia ,4
Abraham Thompson,5
Sanna Nyassi,7,2001-2004, Gambia Ports Authority (Not a college)
Spencer Wadsworth,1
Andre Akpan,5,2006-2009, Harvard Crimson (College)
Brian Dunseth,9,1995-1996, Fullerton State (College)
Claudio Bieler,2
Carlos Varela,1
Brian Loftin,1,1993-1994, University of Evansville (College)
Raul Mendiola,2,2011-2014, LA Galaxy (Not a college)
Demitrius Omphroy,1,2007-2010, California Golden Bears (College)
Jeremy Brockie,1,0000-2002, 0 (No Wikipedia link)
Chad Ashton,1,1986-1989, University of North Carolina at Chapel Hill (College)
Giorgi Chirgadze,2
Marc Cintron,1,2009-2012, Providence Friars (College)
John Jairo Trellez,1
Donnie Smith,3,2009-2012, Charlotte 49ers (College)
Carlos Llamosa,9
Aaron  Maund,4,2008-2011, Notre Dame Fighting Irish (College)
Bryan Namoff,10,1997-2000, Bradley Braves (College)
Amado Guevara,7,1993-1994, Motagua (Not a college)
Kevin Alston,7,2006-2008, Indiana Hoosiers (College)
Emilio Renteria,4,2001-2003, Levante B (Not a college)
Amos Magee,3,, Wesleyan University (College)
Luis Bolanos,1,2000-2005, LDU Quito (Not a college)
Juan Palencia,2
Servando Carrasco,5,2007-2010, California Golden Bears (College)
Daniel Lovitz,2,2010-2013, Elon Phoenix (College)
Matias Sanchez,1,, Racing Club (Not a college)
Ian Russell,7
Davy Armstrong,5,2007-2010, Colorado Rapids (Not a college)
Daniel Hernandez,13
Christopher Sullivan,1
Ryan Futagaki,1,1999-2002, UCLA Bruins (College)
Simon Elliott,9,1997-1998, Stanford Cardinal (Not a college)
David Guzman,1,, Deportivo Saprissa (Not a college)
Joao Plata,5,2009-2010, LDU Quito (Not a college)
Peter Nowak,5
Michael Lahoud,7,2005-2008, Wake Forest Demon Deacons (College)
Jorge Rodriguez,6
Jeremiah White,1,2000-2003, Wake Forest Demon Deacons (College)
Tim Merritt,1,2001-2004, North Carolina Tar Heels (College)
Manuel Bucuane,1
Richard Sharpe,1
Adrian Paz,3
Sunil Chhetri,1,2001-2002, City FC (No Wikipedia link)
Deshorn Brown,3,2012, UCF Knights (College)
Jorge Claros,1
Raphael Cox,1,2006-2008, Washington Huskies (College)
Kevin Novak,2,2000-03, Loyola Marymount (College)
Carlos Rodriguez,1
Guilherme So,1,1997-2005, Internacional (Not a college)
Mauricio Wright,3,, Saprissa (Not a college)
Raphael Wicky,1,1990-1993, Sion (Not a college)
Ali Ngon,1,1994-1997, Bourassa (No Wikipedia link)
Paolo DelPiccolo,2,2009-2012, Louisville Cardinals (College)
Gilberto Flores,2
Tiyiselani Shipalane,2,2005-2008, Lindsey Wilson Blue Raiders (College)
Luke Mulholland,2,2007-2010, Wingate Bulldogs (College)
Eduardo Dominguez,1
Branko Boskovic,3,0000-1996, 0000 (No Wikipedia link)
Derek Gaudet,1,2001-2003, Halifax County United (No Wikipedia link)
Seth Owusu,1
Tony Walls,1,2008-2011, Green Bay Phoenix (College)
Ben Zemanski,6,2006-2009, Akron Zips (College)
Richard Gough,2,1979-1980, Wits University (College)
Juan Angel,6
Michael Seaton,3
Luchi Gonzalez,3,1998-01, SMU (College)
Carlos Borja,5
Adolfo Gregorio,1,2000-2003, UCLA Bruins (College)
Luis Gil,6,2008-2009, IMG Soccer Academy (Not a college)
Jackson Goncalves,6,2005-2006, São Paulo (Not a college)
David Horst,8,2004-2007, Old Dominion Monarchs (College)
John Rodrigues,1
Travis Mulraine,1
Luke Rodgers,1
Dustin Branan,1,1999-2002, Brown University (College)
Eric Gehrig,5,2006-2009, Loyola University Chicago (College)
Tony Sanneh,8,1990-1993, UW–Milwaukee Panthers (College)
Aleksey Korol,3,1996-1999, Indiana University (College)
Agustin Viana,2
Anatole Abang,1,, AS Fortuna de Yaounde
Armando Lozano,1,2002-2003, Málaga (Not a college)
Philippe Davies,1,2006-2007, Select South Shore AAA (No Wikipedia link)
Antonio de la Torre,1
Michael Dello-Russo,4,2001-2005, Maryland Terrapins (College)
Mark Chung,10,1988-1992, South Florida Bulls (College)
Olivier Tebily,1
Clint Peay,5,1991-1995, Virginia Cavaliers (College)
Lubos Kubik,4,1979-1982, Spartak Hradec Králové (Not a college)
Brian Sebapole,1
David Wagenfuhr,5,2000-2003, Creighton (College)
Mobi Fehr,1
Victor Cabrera,1
Bilal Duckett,2,2007-2010, Notre Dame Fighting Irish (College)
David Arvizu,2,2004-2005, IMG Soccer Academy (Not a college)
Victor Mella,2,, Colo-Colo (Not a college)
Osei Telesford,1,2002-2006, Liberty Flames (College)
Ryshiem Henderson,1,1991-1994, Cal Poly San Luis Obispo (College)
Kevin Parsemain,2
Kevin Forrest,1,2003-2007, Washington Huskies (College)
Fabian Taylor,1,-, Central Link (No Wikipedia link)
Kris Kelderman,4,1987-1990, University of Virginia (College)
David Viana,2,2008-2011, RC Strasbourg (Not a college)
Casey Townsend,2,2008-2011, Maryland Terrapins (College)
Sergio Salas,1
Jeffrey Moore,2
Darrius Barnes,7,2005-2008, Duke Blue Devils (College)
David Testo,2,2001-2002, North Carolina Tar Heels (College)
Nicolas Hernandez,3
Leo Cullen,7
Greg Vanney,10,1993-1995, UCLA Bruins (College)
Travis Roy,1
Mario de Luna,1
Kevin Harbottle,1,2004-2008, Antofagasta (Not a college)
Stefan Ishizaki,2,, AIK (Not a college)
Tony Beltran,8,2006-2007, UCLA Bruins (College)
Scott Cannon,3,1986-1990, University of Evansville (College)
Ian Woan,1,1983-1985, Manchester City (Not a college)
Carlo Chueca,1,2009-, Anderlecht (Not a college)
Zizi Roberts,2
Andreas Herzog,1
John DiRaimondo,3,2003-2006, St. Louis Billikens (College)
Jan Solli,2
Franco Caraccio,1
Davy Arnaud,14,1999-2001, West Texas A&M Buffaloes (College)
Rasheed Olabiyi,1,, Pepsi Football Academy (Not a college)
Rafael Amaya,2
John Kerr,3
Stephen Lumley,1
Jason Johnson,3
Lance Key,2
Marco Lemes,1
Pablo Escobar,1
Christopher Birchall,4,1993-2001, Port Vale (Not a college)
Brian Piesner,1,1996-1999, Rutgers Scarlet Knights (College)
Tahj Jakins,5,1993-1996, UCLA Bruins (College)
Jonathan Osorio,3,2012, TFC Academy (Not a college)
Carlos Rivas,1
Barry Rice,1
Daniel Osorno,1
Oscar Pareja,8
Michael Bradley,4
Ali Gerba,2,1994-1997, Bourassa (No Wikipedia link)
Rafael Gomes,1
Jorge Castaneda,1
Greg Janicki,3,2003-2006, Michigan State Spartans (College)
Ryan Smith,3
Ilija Stolica,2
Marvell Wynne,10
Jorge Flores,3
Chris Wondolowski,11,2001-2004, Chico State Wildcats (College)
Rafhael Domingues,1
Tommy Redding,1,2013-2014, Chicago Magic PSG (No Wikipedia link)
Carlos Ruiz,9
Thomas McNamara,2
Brandon McDonald,6
Cristian Nazarit,1
Imad Baba,7,1993-1995, Clemson University (College)
Jay Chapman,1
Otis Earle,1,2011-2014, UC Riverside Highlanders (College)
Ricky Schramm,1,2003-2006, Georgetown University (College)
Marco Franco,1,2010-2013, UC Irvine Anteaters (College)
Theodore Schneider,1
Krzysztof Krol,2,, Amica Wronki (Not a college)
Jake Keegan,1
Sam Brill,1,2003-2006, Boston College Eagles (College)
Marco Ferruzzi,2,1989-1992, University of North Carolina (College)
Dan Stebbins,3,1987-1990, Notre Dame Fighting Irish (College)
Gabe Latigue,1,2009-2012, Elon Phoenix (College)
Steve Armas,1,1995-1998, University of Maryland (College)
Matías Laba,3
Yomby William,1,2005-2007, Old Dominion Monarchs (College)
Aminu Abdallah,2,2008-2010, International Allies (College)
Chinedu Dike,5
Frederick Braun,2
Eric Bird,1,2011-2014, Virginia Cavaliers (College)
Dzenan Catic,1,2013-2014, Davenport Panthers (College)
Sam Garza,3,2010-2011, UC Santa Barbara Gauchos (College)
Kasali Casal,1
Lebogang Moloto,1,2009-2012, Lindsey Wilson Blue Raiders (College)
Helbert Carreiro,7
Fredrik Ljungberg,2,1982-1994, Halmstads BK (Not a college)
Terry Cooke,5,1994-1995, Manchester United (Not a college)
Carlos Farias,1
John Gallagher,1
Giuseppe Gentile,1
Tony Taylor,2
Yuri Lavrinenko,1,1996-1999, Indiana Hoosiers (College)
A.J. Wood,6,1991-1994, Virginia Cavaliers (College)
Keith Makubuya,2,2009-2010, Toronto FC (Not a college)
Franck Songo'o,1,2002-2005, Barcelona (Not a college)
Rich Balchan,4,2007-2010, Indiana Hoosiers (College)
Jose Vasquez,4
Daigo Kobayashi,3,1998-2000, Shimizu Commercial High School (Not a college)
Jose Burciaga,8
Moises Hernandez,5,2008-2010, FC Dallas (Not a college)
Ante Razov,14,1992-1995, UCLA Bruins (College)
Roger Torres,4,, Envigado (Not a college)
Wandrille Lefèvre,3,2011-2013, Montreal Impact (Not a college)
Simo Valakari,3,, Käpylän Pallo (Not a college)
Rodion Dyachenko,3,2002-2005, UNLV Rebels (College)
Michael Ritch,2
Miguel Lopez,1
Wojtek Krakowiak,2,1998, Clemson Tigers (College)
Chad Deering,6,0000-1988, 0000 (No Wikipedia link)
Julien Baudet,2
Darren Sawatzky,4,1991-1994, Portland Pilots (College)
Zach Scott,7,1998-2001, Gonzaga Bulldogs (College)
Carlos Semedo,1
Andrea Pisanu,1,, Cagliari (Not a college)
Mike Magee,13
Gerard Lagos,1,1988-1990, UWM (College)
Alberto Celades,1
Marcelo Sarvas,4,, Corinthians (Not a college)
Milton Blanco,1,2004, Fresno Pacific Sunbirds (College)
Bruno Guarda,5,2005-2008, SMU Mustangs (College)
Facundo Coria,1,2004-2007, Vélez Sársfield (Not a college)
Ronald Cerritos,10
Heath Pearce,6,2002-2004, Portland Pilots (College)
Zoltan Hercegfalvi,2,1985-1998, Budapest Honvéd (Not a college)
Bryan Byrne,1,2003-2006, UC Santa Barbara Gauchos (College)
Kevin Koetters,1,1986-1990, Rockhurst College (College)
Edmundo Rodriguez,2,1991-1992, University of New Mexico (College)
Calum Mallace,4,2008-2011, Marquette Golden Eagles (College)
Jhon Hurtado,6,, Deportivo Cali (Not a college)
Judah Cooks,4,1996-1997, Maryland Terrapins (College)
Colin Mitchell,1
Juan Forchetti,1,2001-2003, Boca Juniors (Not a college)
Matthew Britner,1
Matthew Dunn,2
John Doyle,5
Khano Smith,6,2001-2002, Lees-McRae Bobcats (College)
Sebastian Jaime,2,, Cambaceres (Not a college)
Luis Landin,2
Jack McInerney,6,2004-2009, Cobb Futbol Club (No Wikipedia link)
Dillon Serna,3,2012, Akron Zips (College)
Jorge Villafana,9,2007, Chivas USA (Not a college)
Fatai Alashe,1,2011-2014, Michigan State Spartans (College)
Daniel Allsopp,1,1995, Croydon City Arrows (Not a college)
Nick Soolsma,2,2004-2007, FC Volendam (Not a college)
Sergio Galvan Rey,2,1993-1994, Boca Juniors (Not a college)
Fabio da Silva,1
Ilson Carreiro,2
Darwin Jones,1
Blas Perez,4
Michael Nanchoff,5,2007-2010, Akron Zips (College)
Edson Elcock,1,2004-2006, Old Dominion Monarchs (College)
Wellington Paeckart,1,2007-2009, Flamengo (Not a college)
Benny Feilhaber,5,2003-2004, UCLA Bruins (College)
Christian Castillo,1
Eduardo Hurtado,5,1986-1991, Centro Juvenil (No Wikipedia link)
Benjamin Benditson,2,2003-2004, Northridge Matadors (College)
Nick Hagglund,2,2010-2013, Xavier Musketeers (College)
Etienne Barbara,1,, Qormi (Not a college)
Kevin Souter,2,2007, Graceland Yellowjackets (College)
Cordell Cato,4,2003-2008, Defence Force (Not a college)
Alex Caskey,3,2007-2010, Davidson Wildcats (College)
Michael Bustamante,3,2008-2012, Boston University Terriers (College)
Chris Klein,13
Roger Espinoza,6,2007, Ohio State Buckeyes (College)
Andrew Restrepo,2,1991-1992, University of South Florida (College)
Alijohn Utush,1
Matt Nickell,2,2001-2004, Drake Bulldogs (College)
Oscar Cordon,2,2009-2010, TFC Academy (Not a college)
Laurent Courtois,3,1996-1998, Lyon (Not a college)
Eric Miller,2
Wilman Conde,5,, Deportes Quindío (Not a college)
Darin Lewis,1,1999-2000, Connecticut Huskies (College)
Roberto Nurse,1
Josue Mayard,2
Marius Obekop,3,, Arsenal de Yaounde
Dom Dwyer,4,2011, South Florida Bulls (College)
David Castellanos,1,2000-2001, Connecticut Huskies (College)
Jake Dancy,3,1996, Fresno State Bulldogs (College)
Leonel Alvarez,5
Danny DeVall,1,1993, University of Memphis (College)
Brett Rodriguez,1
Cam Weaver,6,2004-2005, Seattle Redhawks (College)
Chris Taylor,2
Ben McKendry,1,2012-2014, New Mexico Lobos (College)
John Stertzer,3,2009-2012, Maryland Terrapins (College)
Luke Mishu,1,2010-2014, Notre Dame Fighting Irish (College)
Alfonso Loera,1
Antonio Ribeiro,2
Manny Motajo,3,1989-1992, Howard University (College)
Daniel  Steres ,2,2008-2011, San Diego State Aztecs (College)
Sergei Raad,1,2000-2004, Furman Paladins (College)
 Alex,4
Roman Kosecki,2
Will Johnson,9
Hérculez Gómez,7,2001-2002, Cruz Azul (Not a college)
Andy Najar,3,2008-2010, D.C. United (Not a college)
Krisztian Nemeth,1,2003-2005, Győr (Not a college)
Victor Arbelaez,1
Troy Roberts,4
Lenardo Fernandes,3
Edward Johnson,13
Chris Thomas,1
Gonzalo Peralta,1
Richard Kotschau,10
Nana Kuffour,2
Kyle Veris,2,2003-2005, Ohio State Buckeyes (College)
Yura Movsisyan,4,2005-2006, Pasadena Lancers (College)
Andy Craven,1,2012-2014, North Carolina Tar Heels (College)
Ike Udeh,1,1993-1996, Alabama A&M (College)
Justin Morrow,6,2006-2009, Notre Dame Fighting Irish (College)
John Thorrington,9,1997-1999, Manchester United (Not a college)
Greg Cochrane,3,2011-2012, Louisville Cardinals (College)
Nick Hatzke,2,2002-2006, California Golden Bears (College)
Jose Rodriguez,1
Shaun Wright-Phillips,1,1998-1999, Manchester City (Not a college)
Djimi Traore,2
Kai Kasiguran,1,2004-2007, Messiah Falcons (College)
Miroslaw Rzepa,1
Kevin Wylie,2,1986-1989, Vermont Catamounts (College)
Michael Nsien,1
Carlos Pavon,1,1990-1992, Real España Reservas (Not a college)
Jared Watts,2,2010-2013, Wake Forest Demon Deacons (College)
Claudio Reyna,2,1991-1993, Virginia Cavaliers (College)
Víctor Bernárdez,4
Narciso Fernandes,1,1997-2000, Wisconsin Badgers (College)
Brandon Moss,2
Jonathan Leathers,4,2004-2007, Furman Paladins (College)
Miller Bolanos,2,2003-2006, Caribe Junior (No Wikipedia link)
Andrew Daniels,2
Cyprian Hedrick,1,2009-2011, Coastal Carolina Chanticleers (College)
Steve Rammel,2,1987-1990, Rutgers University (College)
Luis Zapata,1
Chris Estridge,1,2010-2011, Indiana Hoosiers (College)
Adam Braz,1,1999-2001, Fairfield Stags (College)
Taylor Kemp,3,2009-2012, Maryland Terrapins (College)
Mac Cozier,1,1992-1995, UNC Charlotte (College)
Dejan Rusmir,1
John Carroll,1
Musa Shannon,4,1993-1996, Robert Morris University (College)
Brian Kelly,5
Nat Borchers,11,1999-2002, Denver Pioneers (College)
Luke Sassano,5,2004-2007, California Golden Bears (College)
Maykel Galindo,5
Sasha Victorine,10,1996-1999, UCLA Bruins (College)
Lider Marmol,1,1999-2002, 4 de Agosto (No Wikipedia link)
Roy Myers,3
Jeff Baicher,4,1989-1990, Santa Clara Broncos (College)
Eugene Sepuya,1,2001-2004, Alabama A&M (College)
Martin Steuble,1,2007-2008, Neuchâtel Xamax (Not a college)
Michael Enfield,2,2001-2004, UCLA Bruins (College)
Juan Toja,4,1995-2003, Santa Fe (Not a college)
Denny Clanton,1
Dario Fabbro,2
Jeff DiMaria,1,1998-1999, St. Louis Billikens (College)
Troy Edwards,1
Juan Pietravallo,2,, Vélez Sársfield (Not a college)
Kurt Morsink,6,2003-2006, James Madison Dukes (College)
Juan Gonzalez,2
Ivan McKinley,7,1987-1991, College of Boca Raton (College)
JJ Koval,2,2010-2013, Stanford Cardinal (College)
Raymon Gaddis,4,2008-2011, West Virginia Mountaineers (College)
Brad North,1,2003-06, Northwestern (College)
Andrew Shue,1
Abel Xavier,2
Ricardo Villar,2
Gabe Jones,2
Aaron Lanes,2
Arturo Alvarez,9
Ryan Maduro,1,2004-2008, Providence Friars (College)
Francisco Navas Cobo,2,2009-2010, Houston Dynamo (College)
Mauricio Ramos,3,1980-1987, Tahuichi Academy (No Wikipedia link)
Patrice Bernier,4,1998-1999, Syracuse Orange (College)
Cory Elenio,2,2004-2007, Evansville Purple Aces (College)
Hendry Thomas,3,, Olimpia Reservas (Not a college)
Chris Unger,1,, Princeton Tigers (College)
Gabriel Gala,4,2005-2006, North Mississauga Classics (No Wikipedia link)
Eric Denton,9
Brian Feteke,1
Connor Hallisey,1,2011-2014, California Golden Bears (College)
Sheanon Williams,6,2008, North Carolina Tar Heels (College)
Nikos Kounenakis,2,-1994, OFI Crete (Not a college)
Bradford Jamieson IV,2,2013-2014, LA Galaxy (Not a college)
Wil Trapp,3,2011-2012, Akron Zips (College)
Juan Mendoza,5
Shawn Kuykendall,2,2001-2005, American Eagles (College)
Andrew Welsh,1
Paul Dalglish,2,1996-1997, Liverpool (Not a college)
Adrian Winter,1
Will Bruin,5,2008-2010, Indiana Hoosiers (College)
Johnny Garcia,1,2000-2001, Tapatio (No Wikipedia link)
Andre Rocha,2,2002-2003, Águas de Lindóia-SP (No Wikipedia link)
Melvin Tarley,2
Troy Dayak,8
Grant Ward,1,2011-2014, Tottenham Hotspur (Not a college)
Matt Luzunaris,1,2007, UCF Knights (College)
Luciano Delbono,1,2009-2012, Wake Forest Demon Deacons (College)
Mickey Trotman,2,1993-1996, University of Mobile (College)
Jani Galik,1
Brandon Tyler,1,2007, Centro Atlético Fénix (Not a college)
Alessandro Nesta,2,1985-1993, Lazio (Not a college)
Ugochukwu Ihemelu,9,2001-2004, SMU Mustangs (College)
Jesus Ochoa,4
Ryan Kawulok,2
Kelly Gray,8,1999-2001, Portland Pilots (College)
Marko Perovic,2
Eric Eichmann,1,1983-1987, Clemson (College)
Todd Dunivant,13,1999-2002, Stanford Cardinal (Not a college)
Kenny Arena,3,1999-2002, Virginia Cavaliers (College)
Ryan McMahen,3,2001-2005, Michigan State Spartans (College)
Álvaro Saborío,6,, Coyotes de Saltillo (Not a college)
Kingsley Baiden,1
Mkokheli Dube,5,2006-2007, Coastal Carolina Chanticleers (College)
Danny Jackson,1
Dejan Jakovic,5,2004-2007, UAB Blazers (College)
Oriol Rosell,3,2006-2011, Barcelona (Not a college)
Tilson Minda,3
Mpho Moloi,2,2002-2005, Connecticut Huskies (College)
Ben Swanson,1
Garland Cannon,1
Brad Ring,4,2005-2008, Indiana Hoosiers (College)
Matt Behncke,4
Thomas Bedinelli,1,2008-2013, Flamengo (Not a college)
Alberto Rizo,1
Hanyer Mosquera,2,, Centauros Villavicencio (Not a college)
Sterling Wescott,1,1990-1994, Fresno State Bulldogs (College)
Rafael Marquez,3,, Atlas (Not a college)
Cle Kooiman,3,0000-1982, 0000 (No Wikipedia link)
Matt Okoh,2,1992-1995, University of Denver (College)
John Neeskens,1,, Villareal CF (Not a college)
Charles Eloundou,3
Scot Thompson,2,1999-2002, UCLA Bruins (College)
James Marcelin,2
Ryan Finley,2
Samuel Caballero,1
Roberto Brown,1
Kwame Sarkodie,1,2003-2006, Cincinnati Bearcats (College)
O'Neil Peart,1
Danny Garcia,2
Jimmy Ockford,2,2013, Louisville Cardinals (College)
Boniek Garcia,4,2003, Real Patepluma (No Wikipedia link)
Scott Bolkan,1
Micah Cooks,2
Jeff Stewart,3
Guillermo Franco,1
Mirsad Huseinovic,1,1988-1992, Brooklyn College (College)
Curt Onalfo,4,1987-1990, Virginia Cavaliers (College)
Billy Thompson,4
Tommy Nelson,1
Jamie Smith,5
Maicon dos Santos,5
Lawson Vaughn,4,2004-2005, Tulsa Golden Hurricane (College)
Alex Lee,1
Kevin Goldthwaite,7,2001-2004, Notre Dame Fighting Irish (College)
Nery Castillo,2,1999-2000, Danubio (Not a college)
Milton Nunez,1
Gilberto dos Santos,1
Gabriel Ferrari,1,2007-2008, Sampdoria (Not a college)
Dennis Iapichino,2,, Basel (Not a college)
Thomas Dooley,4,1979-1981, TuS Landstuhl (No Wikipedia link)
Steven Evans,2
Raivis Hscanovics,1,2002-2006, JFC Skonto (Not a college)
Sebastian Rincon,2,2007-2009, Weston Fury (No Wikipedia link)
Rodney Wallace,7
Juan Pena,1
Rene Ortiz,1
Chris Korb,5,2007-2010, Akron Zips (College)
Milton Rodriguez,2
Cody Arnoux,2,2006-2008, Wake Forest Demon Deacons (College)
Sébastien Le Toux,7,2001-2004, Rennes (Not a college)
Hernan Bernardello,2
Darren O'Dea,2,2005-2006, Celtic (Not a college)
Cameron Knowles,2,2001-2004, Akron Zips (College)
Danny Care,1
Charles Renken,1,2010-2011, 1899 Hoffenheim (Not a college)
Anthony Soares,4
Carlos Hermosillo,2
Eder Robles,2
Tenywa Bonseu,5,1997-1998, Martin Methodist Red Hawks (College)
Ryan Richter,3,2007-2010, La Salle Explorers (College)
Maurice Johnston,6
Patrick Tardieu,1
Bradley Wright-Phillips,3,2001-2004, Manchester City (Not a college)
David Ben Dayan,2,1995-1997, Maccabi Tel Aviv (Not a college)
Brian Ching,12,1996-2000, Gonzaga Bulldogs (College)
Mira Mupier,1
Tony Soto,1,1997-1998, SMU Mustangs (College)
Jeff Bilyk,3,1995-1998, Clemson (College)
Cameron Porter,1,2011-2014, Princeton Tigers (College)
Sacir Hot,1,2009-2010, Boston College Eagles (College)
Andrew Williams,14
Nelson Valdez,1,1998-2000, Tembetary (Not a college)
Kenneth Hoerner,1
Lazo Alavanja,4,1995-1998, Indiana University (College)
Marcel de Jong,1,1996-2004, PSV (Not a college)
Diego Walsh,3,1999-2002, SMU Mustangs (College)
Dimitry Imbongo,3,, ES Nanterre
Eduardo da Silva,1,1999-2001, Dinamo Zagreb (Not a college)
Daniel Fragoso,1,, Real Madrid (Not a college)
Miguel Gonzalez,2
Raymond Lee,1
Cristian Roldan,1,2013-2014, Washington Huskies (College)
Diogo de Almeida,1
David de la Torre,1
Tony Lochhead,4,2001-2004, UC Santa Barbara Gauchos (College)
Steve Morrow,2,1987-1988, Arsenal (Not a college)
Carlos Costly,1
Tressor Moreno,1,, Tuluá (Not a college)
John Cunliffe,2
Cyle Larin,1,2013-2014, Connecticut Huskies (College)
Elias Vasquez,1
John Pulido,1,2000-2003, FIU Golden Panthers (College)
Julian de Guzman,4,1997-2000, Marseille (Not a college)
Vuk Rasovic,1,, Partizan (Not a college)
Mike Sambursky,1
Arne Friedrich,2,1995-1999, FC Gütersloh (Not a college)
Mark Watson,2
Reggie Lambe,2,2007-2009, Ipswich Town (Not a college)
Keyeno Thomas,2
Tim Parker,1
Danleigh Borman,4,2004-2007, Rhode Island Rams (College)
Damian Alvarez,2,, River Plate (Not a college)
Khodadad Azizi,1,1983-1988, Aboomoslem (Not a college)
Diego Padula,3
David Texeira,2,, Defensor Sporting (Not a college)
Sasa Curcic,1,, OFK Beograd (Not a college)
Joe Carver,1
Peter Woodring,1,1986-1990, Berkeley (College)
Antonio Otero,3
Paulo Nagamura,11,2001-2004, Arsenal (Not a college)
Dillon Powers,3,2009-2012, Notre Dame Fighting Irish (College)
Ryan Clark,1
Billy Schuler,1,2008-2011, North Carolina Tar Heels (College)
Jonathan Bolanos,1
Mark Williams,1
Zatyiah Knight,1,1999, Rushall Olympic (Not a college)
Michael Ghebru,1,1999-2004, Eintracht Frankfurt (Not a college)
Nikolas Besagno,4,2004-2005, IMG Soccer Academy (Not a college)
Matt Walker,1
Ronald Zubar,1,0000-2002, 0000 (No Wikipedia link)
William Romero,1
Jeff Rowland,2
Quincy Amarikwa,7,2006-2008, UC Davis Aggies (College)
Brian McBride,11,1990-1993, St. Louis Billikens (College)
Dario Delgado,1
Thor Lee,1,1984-1987, CSU Northridge (College)
Geoff Aunger,5
Sheldon Thomas,1
Pedro Alvarez,1
Michael Roach,1
Alejandro Sucre,1
Yann Songo'o,1,2009-2010, Zaragoza (Not a college)
Roger Thomas,1
Shaker Asad,3,1997-1999, NC State (College)
Adrian Serioux,5,1998-1999, New Haven Chargers (College)
Kyle Brown,3
Jhonny Arteaga,1,2004-2007, Dominican College Chargers (College)
Eric Hassli,3,?-2000, Sarreguemines FC (No Wikipedia link)
Joseph Addo,5,1991-1992, George Mason University (College)
Thierry Henry,5,1992-1994, Monaco (Not a college)
Maxim Tissot,3,2009-2013, Montreal Impact Academy (Not a college)
Jacob LeBlanc,1,, Virginia Cavaliers (College)
Nicolo Muniz,2
Kyle Helton,1,2003-2006, Duke Blue Devils (College)
Travis Rinker,1,, Bridgeport Purple Knights (College)
Tommy Muller,2
Mubarike Chisoni,1,2002-2004, Coastal Carolina Chanticleers (College)
Tighe Dombrowski,2,2000-2003, University of Wisconsin–Milwaukee (College)
Juan Agudelo,5,2007-2010, New York Red Bulls (Not a college)
Sacha Kljestan,6,2003-2005, Seton Hall Pirates (College)
Eddie Robinson,11
Damien Perrinelle,2,2001-2004, Amiens (Not a college)
Cristian Nunez,1
Roberto Mina,3,1999-03, LDU (Loja) (Not a college)
Jeremy Hall,7
Diego Serna,7,, Cortuluá (Not a college)
Lionard Pajoy,2
Ousmane Dabo,1,1990-1995, Rennes (Not a college)
Brian Maisonneuve,8,1990-1994, Indiana Hoosiers (College)
Eric Schoenle,1
Markus Halsti,1,0000-2007, 0000 (No Wikipedia link)
Rob Smith,5
Easton Wilson,1
Jason Moore,5
Chris Dawes,1
Jim Manganello,1,1995-1998, Wheaton College (College)
Milton Reyes,2
Brian West,6
Mehdi Ballouchy,10,2003-2005, Santa Clara Broncos (College)
Chris Duvall,2,2010-2013, Wake Forest Demon Deacons (College)
Grant van de Casteele,1
Eric Ayuk,1,2012-2013, Buriram United (Not a college)
Jordan Stewart,3
Connor Brandt,1,2012-2014, San Diego Toreros (College)
Niouky Desire,1
Kellyn Acosta,3,2010-2011, IMG Soccer Academy (Not a college)
Machael David,1
Alex Smith,1
Jamie Clark,2
Perry Kitchen,5,2010, Akron Zips (College)
Shawn McLaws,1,2011-2014, Coastal Carolina Chanticleers (College)
Ashton Bennett,1,2011-2012, Coastal Carolina Chanticleers (College)
Brian Rogers,1
Gaston Puerari,1,2004-2007, Selección de Paysandú (No Wikipedia link)
Richard Goulooze,2,, Alkmaarsche Boys
Miklos Molnar,1,, Fremad Amager (Not a college)
Cobi Jones,12,1988-1991, UCLA Bruins (College)
Andrew Parrish,1,1995-1998, Indiana Hoosiers (College)
Zac Herold,1
Ednaldo da Conceicao,2
Chris Cortez,1,2007-2010, Chivas USA (Not a college)
Stephen Wondolowski,1,2004-2006, UC Santa Cruz (College)
Kei Kamara,9,2004-2005, Dominguez Hills Toros (College)
Bernardo Corradi,1,, Siena (Not a college)
Ricardo Virtuoso,2,2004, Clube Atlético Juventus (Not a college)
Kristinn Steindorsson,1
Deris Umanzor,1,1994-1998, Municipal Limeño (Not a college)
Alain Nkong,2
Michael Palacio,1,2004-2007, Stony Brook Seawolves (College)
Jose Galvan,1
Leonardo Gonzalez,7
Connally Edozien,1,1999-2000, Embry-Riddle Eagles (College)
Jair Benitez,6
Willy Guadarrama,1
Teal Bunbury,6,2008-2009, Akron Zips (College)
Yamith Cuesta,3
David Hayes,4
Eric Quill,9,1996, Clemson Tigers (College)
Joao Luiz,1
Taylor Hunter,1,2011-2014, Denver Pioneers (College)
Craig Rocastle,2,2001, Gravesend and Northfleet (Not a college)
Matias Cordoba,1,, Argentinos Juniors (Not a college)
Markus Schopp,2
Dema Kovalenko,12,1996-1998, Indiana Hoosiers (College)
George John,7
Giancarlo Maldonado,1
Marko Maric,1,2000-2003, NK Zagreb (Not a college)
Maximiliano Rodriguez,1
Seth Stammler,7,2000-2003, Maryland Terrapins (College)
Gege Soriola,1
Santiago Hirsig,2
Jonathan Bornstein,5,2004-2005, UCLA Bruins (College)
Amaechi Igwe,3,2006, Santa Clara Broncos (College)
Sergio Flores,1
Sidney Rivera,1,2011-2014, Old Dominion Monarchs (College)
Tim Sahaydak,3,, Liberty High School
Justin Braun,6
Carlos Mendes,8,1998-2001, Old Dominion Monarchs (College)
Fabián Castillo,5,, Deportivo Cali (Not a college)
Guillermo Gonzalez,4
Fredy Montero,5,2000-2005, Deportivo Cali (Not a college)
Levi Houapeu,1,2007-2010, UMBC Retrievers (College)
Dahir Mohammed,2,1991-1994, C.W. Post College (College)
Youri Djorkaeff,2
Lyle Adams,1,2005-2008, Wake Forest Demon Deacons (College)
Kyle Nakazawa,3,2006-2009, UCLA Bruins (College)
Daniel Torres,5
Ben Hunter,1,2005-2006, North Carolina Tar Heels (College)
Young-Pyo Lee,2,1997-1999, Konkuk University (College)
Leslie Fitzpatrick,1,1997-2000, Columbia Lions (College)
Nino Da Silva,4
Miguel Aceval,1,, Colo-Colo (Not a college)
Ryan Kelly,1
Marcelo Castro,1
Todd Yeagley,7,1991-1994, Indiana University (College)
Timi Mulgrew,1,2011-2014, George Mason Patriots (College)
Jason Griffiths,1,2006-2009, Kentucky Wildcats (College)
Ruben Bover,3
Kevin Olali,1
Chris Brunt,2,, Middlesbrough (Not a college)
Kemar Lawrence,1,2007-2011, Harbour View (Not a college)
Evan Brown,1,2005-2008, Wake Forest Demon Deacons (College)
Mark Linnville,1
Steven Vitoria,1,2005-2006, Porto (Not a college)
Ben Olsen,11,1995-1997, Virginia Cavaliers (College)
Eric Wynalda,6,1987-1989, San Diego State Aztecs (College)
Ethen Sampson,2,2012-2013, Whitecaps FC Residency (Not a college)
Martin Machon,3
Marcus Sagastume,1
Jon Brovsky,5
Chandler Hoffman,4,2009-2011, UCLA Bruins (College)
Jason Garey,6,2002-2005, Maryland Terrapins (College)
Bryan de la Fuente,3,2007-2010, Chivas USA (Not a college)
Jeff Larentowicz,11,2001-2004, Brown Bears (College)
Matt Gold,1,2007-2010, Ohio State Buckeyes (College)
James Bissue,1,2006-2008, Eleven Wise (College)
Soni Mustivar,1,2007-2008, Bastia (Not a college)
William Sleeth,2
Justin Detter,2
Jorge Dely Valdes,2,1975-1986, Atlético Colón (No Wikipedia link)
Ryan Neil,1
Josue Martinez,2,, Saprissa (Not a college)
Cristian Arrieta,1
Sean Franklin,8,2004-2007, Cal State Northridge Matadors (College)
Ty Maurin,2,2000-2003, UCLA Bruins (College)
Marcus Storey,2,2001-04, North Carolina (College)
Brian Kamler,10,1991-1993, Creighton (College)
Shavar Thomas,10,2001-2002, Connecticut Huskies (College)
Jacob Thomas,2
James Riley,11
Carlyle Mitchell,4
Stefani Miglioranzi,6,1995-1998, St. John's Red Storm (College)
Franco Niell,1,2001-2004, Argentinos Juniors (Not a college)
Tim Martin,4
Willie Sims,2
Cristian Higuita,1,, Deportivo Cali (Not a college)
David Johnson,1
Nelson Gonzalez,3
David Patino,1
Kenneth Miller,3
Brian Umony,1
Franco Coria,1,2007-2008, Chacarita Juniors (Not a college)
Miguel Canizalez,1,2001, Toronto Lynx (Not a college)
Michael Orozco,1,2005-2006, San Luis (Not a college)
Greg Curry,1
Chris Bagley,1,1998-2001, St. Anselm Hawks (College)
Daniel Szetela,5,2002-2004, IMG Soccer Academy (Not a college)
Daniel Garipe,1
Hermann Urbas,1,2000-2001, SpVgg Unterhaching (Not a college)
Sebastian Giovinco,1,1996-2006, Juventus (Not a college)
Ariel Lassiter,1,2013, Cal Poly Mustangs (College)
Andrea Lombardo,2,2004, North York Hearts (No Wikipedia link)
Abdoulaye Ibrahim,2,1999-2005, FC Espoire Academy (No Wikipedia link)
R.T. Moore,2,1994-1997, Maryland Terrapins (College)
Jesse Marsch,14,1992-1995, Princeton Tigers (College)
Manuel Lagos,10,1990-1992, University of Wisconsin–Milwaukee (College)
Joseph DiGiamarino,5
Ely Allen,2,2004-2007, Washington Huskies (College)
Lloyd Sam,4,, Charlton Athletic (Not a college)
Chris Roner,3,1998-2001, California Golden Bears (College)
Kyle Bekker,3,2009-2012, Boston College Eagles (College)
Brandon Prideaux,11,1994-1997, Washington Huskies (College)
Chris Schuler,6,2006-2009, Creighton Bluejays (College)
Ariel Graziani,4
Trevor Perea,1
Kofi Opare,3,2009-2012, Michigan Wolverines (College)
Marcos Romaneiro,1
George Fochive,2,2012-2013, Connecticut Huskies (College)
Evan Raynr,1
Abdoulie Mansally,9,2005-2006, Real de Banjul (Not a college)
Marlon Rojas,1,2000, St. John's Red Storm (College)
Iain Fraser,1
Orr Barouch,4,2009-2011, Tigres (Not a college)
Bobby Rhine,10,1994-1998, Connecticut Huskies (College)
Richard Eckersley,4
Fabián Espíndola,9,, Boca Juniors (Not a college)
Louis Beland-Goyette,2
Craig Capano,5,2001, Chicago Sockers (Not a college)
Clifton Wilmes,1
Santiago Prim,1,2008-2009, San Lorenzo (Not a college)
Joseph Greenspan,1,2011-2014, Navy Midshipmen (College)
Devon Sandoval,3,2010-2012, New Mexico Lobos (College)
Amobi Okugo,6,2009, UCLA Bruins (College)
Cesar Zamora,2,2007-2009, Chivas USA (Not a college)
Paulo Wanchope,1
Carlos Alvarez,3
Arturo Torres,3,1999-2002, Loyola Marymount Lions (College)
Benji Joya,1,2011-2012, Santos Laguna (Not a college)
Andres Correa,1
Emanuel Pogatetz,2
Francis Doe,3
Matt Miazga,3,2009-2013, New York Red Bulls (Not a college)
Kosuke Kimura,8,2003-2006, Western Illinois Leathernecks (College)
Maurizio Rocha,2,1995-1998, Connecticut Huskies (College)
Sean Alvarado,1
Brent Longenecker,1
Miguel Montano,3,2008, Envigado (Not a college)
Mersim Beskovic,1,, St. Francis Terriers (College)
Mikael Yourassowsky,1,1999-2001, Anderlecht (Not a college)
Zakaria Messoudi,2,2010-2013, Montreal Impact (Not a college)
Ryan Johnson,7
Leandro Barrera,2,, Argentinos Juniors (Not a college)
Andrew Ribeiro,2,2009-2012, Creighton Bluejays (College)
Francis Okaroh,5,1982-1986, Boston University Terriers (College)
Edgar Bartolomeu,1,1992-1997, Sporting CP (Not a college)
Julian Gomez,1,, NCC Lions (College)
Sainey Touray,1
Raphael Santos,2
Mario Gori,5
Drew Helm,1,2005, Florida Atlantic Owls (College)
Simon Dawkins,2,2004-2005, Tottenham Hotspur (Not a college)
Mike Seamon,3,2006-2009, Villanova Wildcats (College)
Lucas Pittinari,1,2007-2009, Belgrano (Not a college)
Walter Vilchez,1
John Wilson,5
Fernando Fernandes,1,1991-1997, Sacred Heart University (No Wikipedia link)
Giovanni Sequeira,1
Ibrahim Koroma,1,2004, FC Kallon (Not a college)
Bradlee Baladez,1,2010-2012, South Carolina Gamecocks (College)
John Hayden,3
Paul Broome,8,1996-1999, SMU Mustangs (College)
Bobby Convey,11,1999-2000, IMG Soccer Academy (Not a college)
Chris Pozniak,2,1994-1995, Scarborough Azzurri Blues (No Wikipedia link)
Christian Tiffert,2,1998-2000, Tennis Borussia Berlin (Not a college)
Giovani Casillas,1,2010-2011, Guadalajara (Not a college)
Jesus Morales,1
Andy Herron,5,, Limonense (Not a college)
Thiago da Rosa Correa,3,, Internacional (Not a college)
Wellington Sanchez,1
Pavel Pardo,2
Sam Forko,1
Caleb Clarke,4,2009-2010, Whitecaps FC Residency (Not a college)
Robin Fraser,10,1985-1988, FIU Golden Panthers (College)
Jordan Hamilton,2
Willian Oliveira,1
Andoni Iraola,1,1999-2000, Athletic Bilbao (Not a college)
Harry Shipp,2,2010-2013, Notre Dame Fighting Irish (College)
Monsef Zerka,1,1999-2001, AS Nancy (Not a college)
Graham Zusi,7,2005-2008, Maryland Terrapins (College)
Kevin Burns,4
Tino Nunez,2,2004-2007, UC Santa Barbara Gauchos (College)
Dave Romney,1,2011-2014, University of San Francisco (College)
Saad Abdul-Salaam,1,2011-2014, Akron Zips (College)
Sergio Miguez,1
Kofi Sarkodie,5,2008-2010, Akron Zips (College)
Paolo Cardozo,2,2009-2010, Quilmes (Not a college)
Gus Kartes,1,1996-97, Olympiacos (Not a college)
Ellis McLoughlin,2,2007, Washington Huskies (College)
Quavas Kirk,4,2003-2005, IMG Soccer Academy (Not a college)
Jose Recio,1
Carey Talley,13,1994-1997, North Carolina Tar Heels (College)
Jose Angulo,1
Mike Huwiler,1,1990-1992, Virginia Cavaliers (College)
Sebastien Vorbe,1
Adam Moffat,8
Francisco Lima,1
Aaron Horton,3,2010, Louisville Cardinals (College)
Rodrigo Lopez,4
Mark Schulte,1,1996-1999, Dayton Flyers (College)
Justin Evans,2,1998, St. Bonaventure Bonnies (College)
Matt Chulis,3,1995-1998, University of Virginia (College)
Nelson Vargas,5,, Standard Liege (Not a college)
Fernando Monge,1
David Stokes,4,2000-02, North Carolina (College)
Brian Bliss,3,1983-1986, Southern Connecticut State Univ. (College)
Andy Rosenband,2,2001-2002, Ohio State University (College)
Sagi Lev-Ari,1
Alexandre Emerson,1
Matt Stinson,3,2011[2]-, [2] (No Wikipedia link)
Joseph Nane,3,2006-2009, Old Dominion Monarchs (College)
Tommy Thompson,2
Jose Gomez,1
Amadou Sanyang,4,2009, TFC Academy (Not a college)
Dayton O'Brien,1,2002-2005, University of Memphis (College)
Joseph Ngwenya,6,2000-2003, Coastal Carolina Chanticleers (College)
Lee Nguyen,4,2005, Indiana Hoosiers (College)
Michael Videira,5,2005-2008, Duke Blue Devils (College)
Alberto Munoz,1
Chad Barson,3,2009-2012, Akron Zips (College)
Richard Weiszmann,1,1991-1994, UC Berkeley (College)
Gary Sullivan,1
Rob Jachym,2,1992-1996, Hartford Hawks (College)
C.J. Brown,13,1993-1996, San Jose State Spartans (College)
Jun Davidson,2
Jermain Defoe,1,1999, West Ham United (Not a college)
Jeff Carroll,3
Emiliano Dudar,1,1997-1998, Vélez Sársfield (Not a college)
Adam Williamson,1,2002-05, Lehigh (College)
Paulo Araujo,4
Daneil Cyrus,2,2008-2009, Stokely Vale (No Wikipedia link)
Luis Silva,4,2008-2011, UC Santa Barbara Gauchos (College)
Evan Whitfield,7,1995-1998, Duke Blue Devils (College)
Erik Imler,2,1989-1992, Virginia Cavaliers (College)
Michael Harrington,9
Kevin Ellis,5
Josh Hansen,1,2000-2003, San Francisco Dons (College)
Aubrey Perry,1,2008-2011, South Florida Bulls (College)
Daniel Dobson,1
Evans Wise,3,, Mercer CC (College)
Yari Allnutt,2,1989-1992, Portland Pilots (College)
Pablo Hernández,1
Stephen Armstrong,4,1996-1999, Butler Bulldogs (College)
Diego Chara,5,, Deportes Quindío (Not a college)
Hernan Pertuz,1,, Medellín (Not a college)
Bratislav Ristic,2,1990-1998, Radnički Niš (Not a college)
Brian Carroll,13,2000-2002, Wake Forest Demon Deacons (College)
Steve Neumann,2,2010-2013, Georgetown Hoyas (College)
Sebastian Velasquez,4,2010-2011, SMC Pioneers (College)
Gary Flood,2,2003-2006, Hofstra Pride (College)
Blake Wagner,5,2003-2005, IMG Soccer Academy (Not a college)
Jonas Elmer,1,2005-2007, Chelsea (Not a college)
Matías Pérez García,2,, Lanús (Not a college)
David Lopes,2,2000-2002, Atl. Paranaense (Not a college)
Anderson de Souza,1
Razvan Cocis,2,2000-2001, Universitatea Cluj (Not a college)
Daniel Cruz,8
Kai Herdling,1,2000-2002, SpVgg Neckarsteinach (No Wikipedia link)
Zach Pfeffer,5,2010, IMG Soccer Academy (Not a college)
Shane O'Neill,4
Daniel Peinado,1
Connor Lade,4,2008-2011, St. John's Red Storm (College)
Matthew Fondy,2,2007-2010, UC Santa Cruz Banana Slugs (College)
Peter Hattrup,1,1982-1983, 1985
Marvin Quijano,4,1998, Rio Hondo College (No Wikipedia link)
Eloy Colombano,2
Andy Adlard,1
Paraskevas Pantazopoulos,2
Jimmy McLaughlin,4
Stefan Dimitrov,2
Dan Gargan,10,2001-2004, Georgetown Hoyas (College)
Aaron Wheeler,2,2009, Towson Tigers (College)
Jennings Rex,1
Armando Begines,1,1999-2005, Guadalajara (Not a college)
John Minagawa-Webster,1
Milton Caraglio,1,2001-2006, Rosario Central (Not a college)
Sebastian Rozental,1
Scott Sealy,7,2001-2004, Wake Forest Demon Deacons (College)
Eddie Ababio,2,2006-2010, North Carolina Tar Heels (College)
Brad Rusin,1,2005-2008, UCLA Bruins (College)
Miles Joseph,6,1992-1995, Clemson (College)
Luis Perea,1
Adolfo Valencia,2
Kevin Adams,1
Jay DeMerit,4,1998-2001, UIC Flames (College)
Yherland McDonald,1
Josh Williams,6
Jesus Padilla,2,2001-2006, Guadalajara (Not a college)
Anthony Jackson-Hamel,2,2010-2014, Montreal Impact Academy (Not a college)
Gianluca Zavarise,1,2004-2005, Vancouver Olympics (No Wikipedia link)
Nansha Kalonji,1,1994-1997, Ramapo (College)
Erik Friberg,2
Ben Fisk,1,2006-2010, Whitecaps Prospects (Not a college)
Eriq Zavaleta,3,2011-2012, Indiana Hoosiers (College)
Matias Donnet,1,1998, Juventud (No Wikipedia link)
Alvaro Fernandez,4,2001-2005, Uruguay Montevideo (Not a college)
Jeff Parke,10,2000-2003, Drexel Dragons (College)
Kyle Porter,2,2007-2008, Vancouver Whitecaps (Not a college)
Marcos Gonzalez,2,1994-1998, Universidad de Chile (Not a college)
Argenis Fernandez,2,2004-2005, Santos de Guápiles (Not a college)
Frank Klopas,4
Bryan Jordan,6,2003-2006, Oregon State Beavers (College)
Nick Theslof,1,1994-1997, UCLA Bruins (College)
Michael Augustine,1
Ryan Thomas,1
Sammy Ochoa,3,2005-2006, Estudiantes Tecos (College)
Robert Burling,9
Carlos Valderrama,7
Guido Neto,1
Nick Besler,1,2011-2014, Notre Dame Fighting Irish (College)
Steven Gerrard,1,1987-1998, Liverpool (Not a college)
Steve Jolley,10,1993-1996, William & Mary Tribe (College)
Michael Erush,2,2000-2003, Loyola Marymount Lions (College)
Hector Jimenez,5
Brad Wilson,2
Marcelo Gallardo,1
Bryan Gallego,1,2011-2013, Akron Zips (College)
Freddy Adu,7,2002-2003, IMG Academy (Not a college)
Emmanuel Ekpo,4,2005-2006, Calabar Rovers (Not a college)
Marc Pelosi,1,2011-2015, Liverpool (Not a college)
Eduardo Lillingston,2
Michael Azira,1,2010-2011, Mobile Rams (College)
Zak Boggs,3,2007-2009, South Florida Bulls (College)
Edgaras Jankauskas,2,, Panerys Vilnius
Marco Reda,1,1996-1997, Winthrop Eagles (College)
Andres Escobar,1,1985-1986, Atlético Nacional (Not a college)
Giles Barnes,4
Irving Garcia,1,2008-2009, UC Irvine Anteaters (College)
Tom Lips,1,1987-1991, Fairleigh Dickinson University (College)
Gaston Fernandez,2,, River Plate (Not a college)
Daouda Kante,3,1999-2001, Florida International University (College)
Boyd Okwuonu,1,2011-2014, North Carolina Tar Heels (College)
Bojan Vuckovic,1
Joey Worthen,2,1998-2001, University of South Carolina (College)
Angel Rivillo,1
Brandon Pollard,5,1992-1995, Virginia Cavaliers (College)
